timestamp,version,geckoName,mintedBy,sentTo
2024-05-21T16:35:22.163262,613320445,Gecko Gang #2768,0xce397f8caf2c7799c6a0c1e923191e4a98e7bce853738acfd367c766da574880,0x544239d501c4e261133d84371531809ef72b4ff981acf6537026cacac98ef187
2024-05-25T05:41:11.861354,756353289,Gecko Gang #116,0xc215120b25ffb51557cdea656c4c7ebd90b48d3e64c3eb35142c7fb2fa34826c,0x5125fe9198abdf95951e9eaca45878ef3656dca3ddd29834998cdc1c2260aba1
2024-05-21T17:39:04.21208,613417626,Gecko Gang #2079,0xee9ff60c790b9177acd9616f3d5c7edb99a00eee7d18ed274de3c62d288f1434,0x5125fe9198abdf95951e9eaca45878ef3656dca3ddd29834998cdc1c2260aba1
2024-05-21T14:51:22.296778,613189748,Gecko Gang #1112,0x2a857fcf18b16cfa8ddf627c9cc80b757c14e97b8fc218f7d967babe4ea0ea0e,0x5125fe9198abdf95951e9eaca45878ef3656dca3ddd29834998cdc1c2260aba1
2024-05-21T14:55:07.127869,613194444,Gecko Gang #1705,0x8f906bffe1dfa185be4cddea7f7299839b55b5fef9a6e7a39ab87ebb2cad1155,0x985350808b1aa1b90536b54757ff7594e05e40bc95797c88fe01af7cf56e2a82
2024-05-21T15:20:25.41636,613226557,Gecko Gang #1819,0xba3d46d2bae2995346aa71759ebe9a065a321b48075fb17fe7a79e98cf66276c,0x7683b6b0ed3d0be6e2863fe76f5a75e2ca4c0cb307a2d0faa53a77d73a8d57f1
2024-05-21T14:55:18.993482,613194722,Gecko Gang #3197,0x3a0345b16bcbd91d06127d0a4535e04b0ac5c071bc326a452f45ffb99f3d5aae,0x985350808b1aa1b90536b54757ff7594e05e40bc95797c88fe01af7cf56e2a82
2024-05-21T14:55:29.402261,613194902,Gecko Gang #1148,0xfebfd375334d3f12f0dca93bcdf9face5687e941a6a53e9870aa83a17f839272,0x985350808b1aa1b90536b54757ff7594e05e40bc95797c88fe01af7cf56e2a82
2024-05-21T14:55:38.953566,613195120,Gecko Gang #2919,0x7d48b4de52207aeba2b8600fe188752abd61ac027f2871a82efad6dc6564e695,0x985350808b1aa1b90536b54757ff7594e05e40bc95797c88fe01af7cf56e2a82
2024-05-21T13:13:16.222882,613068582,Gecko Gang #1268,0xf94338b0c9c405bbc2f5642491265cb3c72d011e76bae5fa78000d1990f76666,0x5125fe9198abdf95951e9eaca45878ef3656dca3ddd29834998cdc1c2260aba1
2024-05-21T14:57:07.206371,613196921,Gecko Gang #120,0x52cdf545d063ad1e76ed14cf4db616bcdd32c21073271c15bfb693de9a2fcf76,0x985350808b1aa1b90536b54757ff7594e05e40bc95797c88fe01af7cf56e2a82
2024-05-21T14:56:54.345875,613196658,Gecko Gang #1389,0x2900755276c4472a087d041bd884e006d588aa0827430abe356f060fc62a8026,0x985350808b1aa1b90536b54757ff7594e05e40bc95797c88fe01af7cf56e2a82
2024-05-21T14:51:31.73834,613189924,Gecko Gang #1573,0xdb2bf42676f225b8441c6660f3ef382c8aed11b2b88ddd2755c6d826cef3b114,0x5125fe9198abdf95951e9eaca45878ef3656dca3ddd29834998cdc1c2260aba1
2024-05-21T14:55:50.225752,613195329,Gecko Gang #693,0x6636b8027e89fe091210fb87a9c5d2440e07b36ee074e61fd8e9b94cacd5a80f,0x985350808b1aa1b90536b54757ff7594e05e40bc95797c88fe01af7cf56e2a82
2024-05-21T15:21:26.942608,613227772,Gecko Gang #3305,0xe049d955814cbb6967778ba099159605ea376cc6a4bdf682685f9122b74a2da7,0x7683b6b0ed3d0be6e2863fe76f5a75e2ca4c0cb307a2d0faa53a77d73a8d57f1
2024-05-21T17:53:48.632187,613441814,Gecko Gang #934,0x9385298ddb8a4d0826297d43f3c5555d6ad3b9a60d3d61a9f30089ff93628fb9,0x5125fe9198abdf95951e9eaca45878ef3656dca3ddd29834998cdc1c2260aba1
2024-05-21T16:35:52.307984,613321017,Gecko Gang #3204,0x743db091451c195e4f81ec082a757d78797b13b3389ddd44fbd94861dc422213,0x544239d501c4e261133d84371531809ef72b4ff981acf6537026cacac98ef187
2024-05-21T15:56:32.320407,613269319,Gecko Gang #11,0xadd927e689e817cfd53fa5609104ffdac9d9ffe5a198117a6d64f42ac4edf158,0x1eb11a2089f8907cec0edb2a8fdc8dcff4d9f99abef1c79c623e8c3725ca7057
2024-05-21T14:57:17.493709,613197162,Gecko Gang #1155,0x009d9b0fa8146bfa63ac61e7ecad42aa516163e8436f5cbcea58d9aa9d778dea,0x985350808b1aa1b90536b54757ff7594e05e40bc95797c88fe01af7cf56e2a82
2024-05-21T14:57:24.295558,613197312,Gecko Gang #647,0xcc046f504cbf4c25450c2055ba003b775c0e3aa7c862d3ebbba0ad51dc63a0e7,0x985350808b1aa1b90536b54757ff7594e05e40bc95797c88fe01af7cf56e2a82
2024-05-21T13:47:35.072007,613110275,Gecko Gang #942,0x9fb629fd19179805c263d24ebb9066d9cbfb59ed3ddaa67c45b61fc8e18bbcc7,0x6adc46220bd1f28b19c5d517f377356270d6d13aaa35c7cca1671613e38052a3
2024-05-21T16:44:04.135367,613334708,Gecko Gang #3317,0x8d73627464bffda7f406401b6f5d895bfab41ec564cafdaf8c454eeaf5e5b61b,0x6f6e0fd37a8a9f606b6c18f9490603dd20066455cf3bc85f90445dcd0da5889d
2024-05-21T14:08:55.643652,613137701,Gecko Gang #1436,0x464d5e6a2c8d35d5d93aa63cbbd146524cebdf38105fb4c7611848f60337d674,0x128a3411acccf890226bd3e253306a3be4fbc0f7c33c0ac3a331ada56bae7678
2024-05-21T13:21:41.024447,613078237,Gecko Gang #233,0xcc0d9a93fe17fe4b87d16ee8caff0ee7ed4eab64ebb811c72fd2fdbef82ad07d,0x068076101534da0d2903b12240ae415e066eb3656a6b34168065d234ff03333f
2024-05-21T16:37:16.897378,613323280,Gecko Gang #3169,0x810171ddca8a0e2ba675a6c22f31276a7bc9a25557e5fcb35855c1277ac1fbbd,0x544239d501c4e261133d84371531809ef72b4ff981acf6537026cacac98ef187
2024-05-21T14:55:56.284586,613195454,Gecko Gang #2756,0xb32bf0a7e045e359e4f2fb16c04fbfdf3f1aaf3b9bce025e16cb84561acf64f3,0x985350808b1aa1b90536b54757ff7594e05e40bc95797c88fe01af7cf56e2a82
2024-05-21T15:18:05.713152,613223603,Gecko Gang #522,0xbf1e00a794926687347f3aaa5af87d743d909f3fb06f312c2b6fe9246ff3c5d0,0x7683b6b0ed3d0be6e2863fe76f5a75e2ca4c0cb307a2d0faa53a77d73a8d57f1
2024-05-21T13:45:36.856319,613107772,Gecko Gang #709,0xdfec50bc1f3cac9fd2cd8936e947ec27b9970f4f31286cb0b0d2e7da54d746cf,0x94b35f3d0492323ab3713fe5b80237ae72778fb5008bca8f8dd60010cc1b646c
2024-05-21T13:46:48.463189,613109312,Gecko Gang #619,0x89fdf08d6b8674f7da9478b76c4716e684a4c1bd8029822552ced2fb88e541c9,0x94b35f3d0492323ab3713fe5b80237ae72778fb5008bca8f8dd60010cc1b646c
2024-05-21T13:47:09.043987,613109758,Gecko Gang #1999,0x7f461be363292533cca99bd517a0cde6676331375b3e5775e55da12493faec3d,0x94b35f3d0492323ab3713fe5b80237ae72778fb5008bca8f8dd60010cc1b646c
2024-05-21T15:55:43.255648,613268207,Gecko Gang #1761,0xd39e112b30798ba6bffabd6cc8742b29fecaefc1e1bd75614783bb1b4644fea3,0x1eb11a2089f8907cec0edb2a8fdc8dcff4d9f99abef1c79c623e8c3725ca7057
2024-05-21T16:30:53.9716,613315202,Gecko Gang #1034,0x45b412c0fc477ef160b229788f7cdf92746c8c5dc4bf2341527db6f22f4e3c59,0x6adc46220bd1f28b19c5d517f377356270d6d13aaa35c7cca1671613e38052a3
2024-05-21T17:21:08.751925,613394082,Gecko Gang #2782,0x09b2647a4d12aba4784097200746472635b7b5ca63d8506b83c8216f65592dfa,0xbd3d70386489a0ecb87eaddd449e20b8cf38b4826a52f5256ea25df17efa23c7
2024-05-21T14:07:30.168748,613135945,Gecko Gang #1726,0x34cbaba4125dcc322f54e86d7cd4d887d6083122dfce4e7451eba0edccb737e6,0x128a3411acccf890226bd3e253306a3be4fbc0f7c33c0ac3a331ada56bae7678
2024-05-21T13:44:53.178341,613106806,Gecko Gang #2974,0xdb98f0d709ffd6403ee2444f595d5147473013513f0aab65665e6ebe0684f0b0,0x94b35f3d0492323ab3713fe5b80237ae72778fb5008bca8f8dd60010cc1b646c
2024-05-21T13:30:12.660034,613087915,Gecko Gang #1158,0xc969649cca9bf5d28f6fa2d307284d0a9d81236baa6e29f29665d4b72a34a6fb,0xad0ffe8ac226b685f64ee737dc07b730003e0b40bc609c0bd882203c2fd24a14
2024-05-21T15:49:09.411909,613259420,Gecko Gang #2652,0x99c239848636df7174e4baf5a43ba8ce0e3ba5d7e8398aeecf43c8a1b5889b69,0x590c2bebf2dcf5d51bcf46b8b12110d51d1d2177d85b34249a68ad1b9d322be1
2024-05-22T00:29:40.256891,614132320,Gecko Gang #2637,0x489be7726d23674f814e4dd64e162dae94e26aaef37370ca7ed81fcb5f0cd7ae,0xb17eb45dc5dc6ffcf42ca9312e024d47fbb5db5203256b264a59ab26eee7a421
2024-05-22T08:11:14.196663,614625909,Gecko Gang #1715,0x1b86dbb34db20a951407b7ab061279dd0b2d8b930855e5a40dc8a574ee5495ab,0x7f72ff2d73ab4db59806e0d12dcf2841f62be482e882ca760a8220a91eeab2bf
2024-05-21T17:21:23.748323,613394402,Gecko Gang #2339,0x8ba144a2a4e4f5acb63850ebff4da3ca075d7a3ffbcedb56192884f3d376eec1,0xbd3d70386489a0ecb87eaddd449e20b8cf38b4826a52f5256ea25df17efa23c7
2024-05-21T18:40:12.344411,613513561,Gecko Gang #1777,0xbafdbee5ca7184e120445d7453aa709fae6f366c029f34faa018599d775b772d,0x783cca4171720137d8c5341dd0d1ee411c9ab47879c27d7fd9c225c6b130cf13
2024-05-21T13:46:26.901432,613108810,Gecko Gang #2556,0x2104739478f07586b4276366fe82ea0be55afd49e5f803a9eb6540e3b9474afd,0x94b35f3d0492323ab3713fe5b80237ae72778fb5008bca8f8dd60010cc1b646c
2024-05-22T08:11:42.336922,614626424,Gecko Gang #635,0x23ef546ac7af25d7ba0a0d4da36c7305a5180a49a71931aa0a1276363b7eca33,0x7f72ff2d73ab4db59806e0d12dcf2841f62be482e882ca760a8220a91eeab2bf
2024-05-21T17:24:30.762173,613398250,Gecko Gang #1029,0x1f0514150abc64ea1c2501e45483c00df3273e9f3a402c8c8fc290924364bc3f,0xbd3d70386489a0ecb87eaddd449e20b8cf38b4826a52f5256ea25df17efa23c7
2024-05-21T13:24:40.753174,613081775,Gecko Gang #1000,0x0bdb8a2273a78307ea1d6741e2a15d85ac7761a0ef21383efa88f9e81c0e3e7d,0xccac611fa2a39d3aad0855369dff9f09d11b55e49e080f6ac0a38e85ac1652fd
2024-05-21T18:38:14.812169,613510489,Gecko Gang #426,0xb8a81c4268d510146174fa734652ee4b2c35d8ed3cfaf56714b6a085689a6c39,0x8bd686f79ab0c74096b7629d4886495e1fddd18018d0f27a34a793d75e7184b2
2024-05-21T13:31:41.597555,613089864,Gecko Gang #1769,0x1fc4c401227178ddc9974fc65280f42b8f1cc1a816df7c3419c8f42009f6b2c0,0xad0ffe8ac226b685f64ee737dc07b730003e0b40bc609c0bd882203c2fd24a14
2024-05-21T13:21:51.855334,613078423,Gecko Gang #2526,0x88b754c7b574e1d4c54c9603cdd786a68f449a1dbfdb0641afc6a049c7b528e8,0x478ccd81155aa30ead55f4298f5cba7c1d14f9b28e5c58aa95394e71676a7f5e
2024-05-21T15:56:02.013844,613268708,Gecko Gang #2189,0x0c40dbfda94aadbc5300d0307635553eedab7b5a9ffe043cbeaa07302376f331,0x1eb11a2089f8907cec0edb2a8fdc8dcff4d9f99abef1c79c623e8c3725ca7057
2024-05-21T18:34:21.521538,613504591,Gecko Gang #1487,0x806774416c03cb9dd84b62c844d483635ce2bafce82546118a4fc0691ebbc288,0xfa2e75b2b1281f0ac3a5e83cfa502728528e883cbef2589aadf5cb81c72cb314
2024-05-21T13:22:12.821487,613078801,Gecko Gang #664,0x657df0d5360e3e0856faf5a10e604fee97e5bd42e29e5076417e5d8d64085473,0x9ce14bd263abede19dab6b0781d99459f4a8979cf7490086c69d0aaba44a07ee
2024-05-28T09:40:51.347016,952124130,Gecko Gang #908,0x08970673e1b052000dc206865b978139d70e4199434a55aea9416e83b450c930,0xee460b600b87997083559d7e24d77646ec51e9c90ff4c598c472caf74a07b71a
2024-05-21T15:49:33.713842,613259910,Gecko Gang #541,0x0f9702594ba01fa4c1b024b34a6df3c485b5b1911d0c507af86694206e4209f9,0x590c2bebf2dcf5d51bcf46b8b12110d51d1d2177d85b34249a68ad1b9d322be1
2024-05-21T17:21:37.196366,613394694,Gecko Gang #3246,0x1cfceb5f2e09d9252f7e5abd428a0f1d4662b20bdcbee99dd9305a760498152d,0xbd3d70386489a0ecb87eaddd449e20b8cf38b4826a52f5256ea25df17efa23c7
2024-05-21T18:36:41.340501,613508094,Gecko Gang #2355,0x6b6f0972c3cc7a147d9dd74476905b25b0c7a54b534d8c35253d1385ff8129fd,0x0cdbd38764c894c3f5d97630be4304b74722d4e3d277e4725722cc89ae0e0eb6
2024-05-21T14:51:43.374736,613190210,Gecko Gang #2508,0x8ff33197dca41265c8ab89645248a1a5ff29c0ad5023ea82fbdee11dcb5e1916,0x5125fe9198abdf95951e9eaca45878ef3656dca3ddd29834998cdc1c2260aba1
2024-05-21T13:27:22.784255,613084696,Gecko Gang #598,0xdc40aec8d9bfc7920d67b1a1a561f42f6b58dfc28b19236d8b37845a2d72e1fc,0x5faf5b6b15c7c34c0e2d768a8fbcf08bbd3596c11662c69bdc0baa136b67547d
2024-05-21T14:01:31.685043,613128571,Gecko Gang #3209,0xb17eb45dc5dc6ffcf42ca9312e024d47fbb5db5203256b264a59ab26eee7a421,0xeaef9843064e40417ab23697c128068243569998c22e5fd21a587bbea7fbb92b
2024-05-22T08:12:09.474627,614626869,Gecko Gang #300,0xc82d4cd349f811b2cbfedfb54b595a9f92c9cc23b447ed389a8b0d39bc8e6567,0x7f72ff2d73ab4db59806e0d12dcf2841f62be482e882ca760a8220a91eeab2bf
2024-05-21T18:34:23.553309,613504649,Gecko Gang #1350,0xd55e13f3ff21c2ddee915bb65455d61b7134abfacfa17d8c8b64237dd0b96108,0xfa2e75b2b1281f0ac3a5e83cfa502728528e883cbef2589aadf5cb81c72cb314
2024-05-21T16:38:35.916356,613325115,Gecko Gang #1369,0x81d3c11ac75f535e4640fd2a624e5525f3386a8f11aea36aea396412b090e6fa,0x6adc46220bd1f28b19c5d517f377356270d6d13aaa35c7cca1671613e38052a3
2024-05-25T05:41:27.077679,756374218,Gecko Gang #1920,0xe3e78a6ba3963ac0aaf335caec20269144f9a43460882560049728a8b6af3cd2,0x5125fe9198abdf95951e9eaca45878ef3656dca3ddd29834998cdc1c2260aba1
2024-05-21T13:36:30.058223,613096021,Gecko Gang #1261,0x26a55a58f3a010712e97bd00304095e6a0f271f69cd6087aa0a7da3c77ca49d2,0x5cf7605e9a39a8a0610b831ef1bd0d4533b3c97bbf8b94d901437afe100980ce
2024-05-21T17:54:05.908854,613442231,Gecko Gang #1229,0xee8cf86b23a93ccaab2c510f5584eeddedef095b6ff676fa714fc9093c3379e6,0x5125fe9198abdf95951e9eaca45878ef3656dca3ddd29834998cdc1c2260aba1
2024-05-21T18:38:24.327781,613510719,Gecko Gang #602,0xea2ce1c17ff689f103b130615242c82cebbcab498ac0f6822393ec7dd85d79f1,0x8bd686f79ab0c74096b7629d4886495e1fddd18018d0f27a34a793d75e7184b2
2024-05-21T16:48:47.339631,613342750,Gecko Gang #312,0x0a55a43b1807d41e6732dd8634beaf4b2ba8c2e71f347dd650d57e07ce85665c,0x36cad11b389527d0ea8eeacaa2c416cbfc9fa5821027372da8b8fa552a9768ce
2024-05-21T15:49:49.550995,613260328,Gecko Gang #1574,0x6c9341a65c1327d836f0acc55e9df6622c0d65cdb9b54e7eded6abfddba577ff,0x590c2bebf2dcf5d51bcf46b8b12110d51d1d2177d85b34249a68ad1b9d322be1
2024-05-21T13:21:11.264382,613077678,Gecko Gang #33,0x6b60df49332edd0eae7d0299ee4e003f63a010f3e42bab931d70a140697f0b7b,0x1eb11a2089f8907cec0edb2a8fdc8dcff4d9f99abef1c79c623e8c3725ca7057
2024-05-21T13:29:27.224727,613087028,Gecko Gang #1945,0x6c837d3d95990bf3c5b00af61f8cb475c7c11950694c0953a094dc83f16387b6,0xad0ffe8ac226b685f64ee737dc07b730003e0b40bc609c0bd882203c2fd24a14
2024-05-21T13:21:40.146533,613078217,Gecko Gang #952,0x08597aea3637e4b2516ae0dcb0059c87ccb76643881ae4702439d1ee08d8e97d,0x52210ef784c47ce0d5d1156a04a539cfc6e5a85a22a8353d9da0ec9095ab915f
2024-05-21T15:50:01.052609,613260535,Gecko Gang #365,0xa6509043ae322d725f1342adec8b6374125545e9b183332ae058cf600b9d2936,0x590c2bebf2dcf5d51bcf46b8b12110d51d1d2177d85b34249a68ad1b9d322be1
2024-05-21T18:34:25.571525,613504704,Gecko Gang #2530,0x41cb37dd093bc0140055efd4f1c68c8a1dfaab6c7837c52fed1a693e866dddc2,0xfa2e75b2b1281f0ac3a5e83cfa502728528e883cbef2589aadf5cb81c72cb314
2024-05-21T18:36:30.288929,613507811,Gecko Gang #1316,0x3d838233faaa878f66ea628b966652cb570881c99b3ce4d4466ade61d5fa324c,0x0cdbd38764c894c3f5d97630be4304b74722d4e3d277e4725722cc89ae0e0eb6
2024-05-21T16:45:38.194465,613337405,Gecko Gang #421,0x14f49540c588d7746fd0e1f4f0ffb14912715a9e4a20f446738c635387e9a472,0x36cad11b389527d0ea8eeacaa2c416cbfc9fa5821027372da8b8fa552a9768ce
2024-05-21T13:46:01.162212,613108261,Gecko Gang #991,0x6c631c4f72ec3ec2dbb668055f99b51fa09863bca0328bc447022c0760870fbf,0x94b35f3d0492323ab3713fe5b80237ae72778fb5008bca8f8dd60010cc1b646c
2024-05-21T15:50:13.536362,613260857,Gecko Gang #2669,0x1d0dfce69416e39740b9775fe138f1f765a190e73639512303d490aae05a06b7,0x590c2bebf2dcf5d51bcf46b8b12110d51d1d2177d85b34249a68ad1b9d322be1
2024-05-21T16:45:47.918389,613337664,Gecko Gang #595,0xa9e82176ee667060abc1f2e9844f8efb6a79ededc5420fce2b247bc268ddf6c0,0x36cad11b389527d0ea8eeacaa2c416cbfc9fa5821027372da8b8fa552a9768ce
2024-05-27T07:17:22.474063,950355976,Gecko Gang #2388,0x3ab0519b57383c0835ff8f7dff77cd20b40c1fc4c62ddf5294f313561037f979,0x4d916e12060209ec5e6cf1a623bc0325a7fedfe9d38bfe8a866a8cd61cf36ec4
2024-05-21T13:23:40.000712,613080667,Gecko Gang #2254,0x205fb04236efa12d77795c03951e92f76d9b733d7912de19c20162d2f6ecc123,0xccac611fa2a39d3aad0855369dff9f09d11b55e49e080f6ac0a38e85ac1652fd
2024-05-21T13:23:14.584603,613080217,Gecko Gang #2676,0x2f4eb6b14a9c52a4f1063a6ba8bee110763f75fa0711e84841ea9c9aead6cfc7,0xb29a0a67fef755f591a42e9a200492b34160091e76989a6b1861247b272f87ff
2024-05-21T15:50:27.004543,613261139,Gecko Gang #2572,0x10c0a01abe9376085c10b0a8c10116dbb296917d801325809d7c5bed610df1b2,0x590c2bebf2dcf5d51bcf46b8b12110d51d1d2177d85b34249a68ad1b9d322be1
2024-05-21T16:44:22.051572,613335251,Gecko Gang #2502,0x554953f4e1d06b6397c1b82bef1b5e63e2a007fe77a29a62ce27434d7f340306,0x36cad11b389527d0ea8eeacaa2c416cbfc9fa5821027372da8b8fa552a9768ce
2024-05-21T13:32:34.525569,613090995,Gecko Gang #1339,0x245580103bda02ab81ba9ac83c49f12f43cb9b28994c4b6a3dfd190231b60dc8,0xad0ffe8ac226b685f64ee737dc07b730003e0b40bc609c0bd882203c2fd24a14
2024-05-21T18:36:28.025533,613507761,Gecko Gang #255,0x7946a3ab230c987ae508b7a59929cf863e26230f48cf4cc726479797e2088d2f,0x0cdbd38764c894c3f5d97630be4304b74722d4e3d277e4725722cc89ae0e0eb6
2024-05-21T13:28:28.450417,613085862,Gecko Gang #1121,0x4ee99437ddb6e411a71f5b7f0924f534e89ad4e46b77b66fd6be2884dbe90f0b,0x6b814a1ec21b5ce95d93183987f40577cf0da43b6c07c05537a3caa4fa3e2407
2024-05-21T13:49:18.432991,613112550,Gecko Gang #2922,0x8ecc629ab79b7f0890ece5327705e8153365d6e2b70cf168ee251c89d4adfa72,0x6adc46220bd1f28b19c5d517f377356270d6d13aaa35c7cca1671613e38052a3
2024-05-21T14:51:54.608036,613190435,Gecko Gang #903,0xbc89a057253cd15729afd0d24a15085064e423c779250ec4cddc920baf1cdaae,0x5125fe9198abdf95951e9eaca45878ef3656dca3ddd29834998cdc1c2260aba1
2024-05-21T15:03:09.972647,613204672,Gecko Gang #899,0x605b059bc86bd82278cdd3eac60b2ba087e6b64df8ee792fd52b12f566ee73ed,0x15ec85deb36a9b034af583e77452676c41d4f9e385071e1e284e0f1ab5ad18ea
2024-05-22T07:41:43.207411,614593795,Gecko Gang #3088,0xafcdb290c3383689d2d1fb8c1c49f58abe56a3a43fad737b60a8d537d90da86e,0x051a969bf669ff56567cf1d36bd5e1786a387026195a8be4b059883202c2ed16
2024-05-21T13:50:05.445459,613113689,Gecko Gang #2266,0x7cb054cac5baceef1fa3db5ded71ee44e82efb7b27c9c2f5d0d5903114b89fc3,0x6adc46220bd1f28b19c5d517f377356270d6d13aaa35c7cca1671613e38052a3
2024-05-21T15:02:46.215036,613204125,Gecko Gang #140,0x8c34251942ea895b577a2cdf37fe07d22d6ed2446b925831df776aead0d02d13,0x6578164fa087d7a4581cbe52bc736fc7425eb6490a6f4f4b024fa73a0f259665
2024-05-21T16:43:44.257538,613334211,Gecko Gang #645,0xc6d960ed18216b754596175559c4e3baabbbf1142cda85bfe265fd7938cbb2da,0x36cad11b389527d0ea8eeacaa2c416cbfc9fa5821027372da8b8fa552a9768ce
2024-05-21T18:34:27.848826,613504766,Gecko Gang #2228,0x44cbc7e1ed061be81f1dd4dce84235a17e2adbcd29e5fae79c24fd43c484b0a7,0xfa2e75b2b1281f0ac3a5e83cfa502728528e883cbef2589aadf5cb81c72cb314
2024-05-21T13:28:26.101634,613085814,Gecko Gang #2636,0x7df2e387d31a1198512ddc62454d7eaf2d8eed367b6d2382dc21ead5769b3b96,0x5faf5b6b15c7c34c0e2d768a8fbcf08bbd3596c11662c69bdc0baa136b67547d
2024-05-21T17:54:15.034448,613442504,Gecko Gang #2629,0x45454df03d95a922269c5b7a9df3b44e03b34bfb15a024f5fb3f491921552464,0x5125fe9198abdf95951e9eaca45878ef3656dca3ddd29834998cdc1c2260aba1
2024-05-21T14:52:04.516686,613190614,Gecko Gang #363,0x41df794a8060a6a4b4a9ffa7da9bd67ca165ab95394dbb3b91cb58a495303e77,0x5125fe9198abdf95951e9eaca45878ef3656dca3ddd29834998cdc1c2260aba1
2024-05-21T16:44:31.980304,613335474,Gecko Gang #58,0x3aaf50bf8d7866f271e6566ace4089117abb8e0687776b0fc6188f4cb52e7fa2,0x36cad11b389527d0ea8eeacaa2c416cbfc9fa5821027372da8b8fa552a9768ce
2024-05-21T17:39:15.009146,613417904,Gecko Gang #3125,0x779e342981d5509fdc6d149f2d014aded8df96185ab73e0abc76fcf759578eec,0x5125fe9198abdf95951e9eaca45878ef3656dca3ddd29834998cdc1c2260aba1
2024-05-21T13:24:09.597816,613081202,Gecko Gang #465,0x7011c1732cd7bd910a17c0da137af452c68cf895f748605a2688f52ae0e6ce8c,0xccac611fa2a39d3aad0855369dff9f09d11b55e49e080f6ac0a38e85ac1652fd
2024-05-21T13:36:53.291663,613096522,Gecko Gang #2956,0xf0b5e48ade7b20e24a2f66cce4086114aa57dd3674694dfbbe2689667638491c,0x7951b46c0c939a0b5736c604792ada20b3379e1f43d0721dd0a00bc48c769929
2024-05-21T16:44:05.153623,613334749,Gecko Gang #2610,0x910b7bd2af0770456667823e640de3e47c4ca9585bb2aebec5f78c2e2c9785fa,0x36cad11b389527d0ea8eeacaa2c416cbfc9fa5821027372da8b8fa552a9768ce
2024-05-21T15:51:09.262802,613262154,Gecko Gang #993,0x9e0bb7a69b32c048dc7579baec6e8d9df1bc2df411c5fc591337e90f1a42c803,0x590c2bebf2dcf5d51bcf46b8b12110d51d1d2177d85b34249a68ad1b9d322be1
2024-05-21T13:25:34.694828,613082740,Gecko Gang #2144,0x1988b0a1e2842ac6f8859ac12491036c12a9d8e2834b7d6354261b7625cc39c7,0xccac611fa2a39d3aad0855369dff9f09d11b55e49e080f6ac0a38e85ac1652fd
2024-05-21T13:50:26.23095,613114256,Gecko Gang #2663,0xc96790fa231b5e5e44fb558d39561a90733cf6c3ba76b67c0e2fc8683a8eda77,0x6adc46220bd1f28b19c5d517f377356270d6d13aaa35c7cca1671613e38052a3
2024-05-21T18:31:53.713219,613500742,Gecko Gang #1352,0x4e1918882b8a088fb6d5bc9fc929bc374622262a6467f815fb9782590e399763,0x020a18dc1f10192ad4c34ed2d0f2391923d449d71ed3bb7406ab6ce7df34c497
2024-05-28T09:45:18.40287,952129665,Gecko Gang #2658,0x0c8977e434cfc414e9ea5a11f248b1817d3ff2ddee9fe29d7d9ca9f652e0bddc,0x8e89459a55edb1524d3b9a9f2d68a1072be0e964e8c4bde94752275b5f4778a2
2024-05-21T13:28:38.234807,613086083,Gecko Gang #1333,0x29682285e116c6e3478edbeedc58b59734381b4a41f21a4d14613b3a36eb31c0,0x6b814a1ec21b5ce95d93183987f40577cf0da43b6c07c05537a3caa4fa3e2407
2024-05-21T15:51:22.980464,613262430,Gecko Gang #2233,0x16db1759c8e914f8ee6a32a229d47decbae13a8e38d1730d0f5f07bc2c2e63dd,0x590c2bebf2dcf5d51bcf46b8b12110d51d1d2177d85b34249a68ad1b9d322be1
2024-05-21T13:57:42.508237,613123653,Gecko Gang #2744,0x51eb3ed0f7127e5d0f7380793f851afe8bbc8e6a27b3c32b6d1e7e4129721981,0xa6733dc792994e3ab0ca47d8dcb5814a47f53d57dd8fc73acb6a5383975da57d
2024-05-21T15:00:08.409418,613200778,Gecko Gang #974,0x874ea5489236c9e068a5b9d0c3b96377c3cea4c6c333f06ac7904ce712f87bc5,0x6578164fa087d7a4581cbe52bc736fc7425eb6490a6f4f4b024fa73a0f259665
2024-05-21T15:56:52.953163,613269841,Gecko Gang #1850,0x80cb70ff443d3c217b4e91270ef277437a6ab57602c18e6c787a6ea3a2e25401,0x1eb11a2089f8907cec0edb2a8fdc8dcff4d9f99abef1c79c623e8c3725ca7057
2024-05-21T15:17:42.582659,613223193,Gecko Gang #1918,0x9b181658f99b837123f65d936684fda19566a0bf601e459d2b857eb88b89c5d3,0x7683b6b0ed3d0be6e2863fe76f5a75e2ca4c0cb307a2d0faa53a77d73a8d57f1
2024-05-21T14:52:14.476752,613190836,Gecko Gang #1165,0x9f447dab7868885277cbc11cd52a38a2464ecdb9eeffe22f84ede7e516376ca4,0x5125fe9198abdf95951e9eaca45878ef3656dca3ddd29834998cdc1c2260aba1
2024-05-21T16:45:09.510505,613336599,Gecko Gang #2776,0x2381c8de6db44a857acd3fc0047fefe84d5a0bae68a6d1b69851547874760f18,0x36cad11b389527d0ea8eeacaa2c416cbfc9fa5821027372da8b8fa552a9768ce
2024-05-21T13:37:07.87573,613096850,Gecko Gang #1531,0x46b684408bf0be9ce519ba3e944f17e4fbdc795f8d52aca15fab7112a92a3da4,0x7951b46c0c939a0b5736c604792ada20b3379e1f43d0721dd0a00bc48c769929
2024-05-21T13:55:46.61738,613121329,Gecko Gang #51,0x691963b7f43f639e04a9ca93cda5eb3a55e34c2dc6492e2eafd97fbd493469f8,0xa6733dc792994e3ab0ca47d8dcb5814a47f53d57dd8fc73acb6a5383975da57d
2024-05-22T12:56:57.627346,614945064,Gecko Gang #2593,0xc30b57eb09efbcb4361315d258a5cc01ea2e3400534660ca9c59ba88ee225992,0xb9bacfe2c4e26cbd42324fba1d8dbbbf8bfebf91e3ad6e64a45e49f18b9ecf24
2024-05-21T15:51:35.339284,613262657,Gecko Gang #2214,0x9d577de5f208da1d59c228355180874b70145fcdcb36896011b2ee2604119002,0x590c2bebf2dcf5d51bcf46b8b12110d51d1d2177d85b34249a68ad1b9d322be1
2024-05-21T13:30:48.078836,613088814,Gecko Gang #3065,0xb600daf260f264c0f49ee816c9d20ad126dade946b50c350ad405b33ca3a6d59,0xeb67b44bef740cdb14701b898e7cf817cebd8ed3c2714e5759f1b36ccea38f1a
2024-05-21T16:44:57.28614,613336224,Gecko Gang #299,0x94e32e745e7e61dd150c71e28690f4f45b1f2d13a9d76dd9791cd64587ffdfc9,0x36cad11b389527d0ea8eeacaa2c416cbfc9fa5821027372da8b8fa552a9768ce
2024-05-21T13:29:09.195709,613086684,Gecko Gang #1088,0x97494cb8a9ac4b6a5ff9a0780d7e24e5bc97fcd0b5b30fc63e046f5b43111571,0x586c22c77f98ddbfcafb68b2b7cc7bf6b6e95b9044639b0fbc2f810f34997594
2024-05-21T13:37:20.011027,613097074,Gecko Gang #3150,0x04d2b6e4602276ce90e1641f4692ed3325518b899c6153c14b1b57c390439e04,0x7951b46c0c939a0b5736c604792ada20b3379e1f43d0721dd0a00bc48c769929
2024-05-22T06:38:07.895025,614525244,Gecko Gang #705,0xcb2c9fc772c88ede30d330089fa959c9f33cb17890347f34a7455e499e151991,0xe721c8cb039e9d7472b47cf05409dae4d58f6d18f3d977ab66cb16f3fde988ae
2024-05-21T13:55:06.631376,613120485,Gecko Gang #257,0xc16cb80cbd7a455fba56aa02a76f022c5411985f63ff051c5c2371bf790ad90f,0xa6733dc792994e3ab0ca47d8dcb5814a47f53d57dd8fc73acb6a5383975da57d
2024-05-21T17:44:23.406274,613426216,Gecko Gang #2830,0xaf2bfda67288a8eea8a1052b3a07bfa982486dda96aa38e5d2f35508feff3ecd,0xa3d24063288cae9388c64cec1821aff47abf6fe7b34ef00ee6e15fd4655637e9
2024-05-21T13:28:18.012242,613085669,Gecko Gang #621,0x27e449ab969686c44a40625fed0484cc5457acb7ff1a9d6c16b8e1a7d232c03d,0x6b814a1ec21b5ce95d93183987f40577cf0da43b6c07c05537a3caa4fa3e2407
2024-05-21T17:22:07.013314,613395359,Gecko Gang #1753,0x10be9f038d1a56f8a225dd96f7865a0a52d00e9dfca83ec4f0a143ecfbdbad5f,0x15ec85deb36a9b034af583e77452676c41d4f9e385071e1e284e0f1ab5ad18ea
2024-05-21T18:31:58.040116,613500880,Gecko Gang #328,0x3cf0f2cdb68dc30abe128abbff29e0c852ffb7bb2efc8c2cb68f2133dfed94ff,0x020a18dc1f10192ad4c34ed2d0f2391923d449d71ed3bb7406ab6ce7df34c497
2024-05-21T16:45:27.128198,613337078,Gecko Gang #3172,0xbbf72c7fbf4136bd1ef769d36ed5cf7ed9cbab0a28d4f955ea8b3011fb3629a9,0x36cad11b389527d0ea8eeacaa2c416cbfc9fa5821027372da8b8fa552a9768ce
2024-05-21T13:37:31.230828,613097311,Gecko Gang #1887,0x54b02d4fc7a003c27e76ba416f6e406e718abff3115b4525d8b426ea97c90d56,0x7951b46c0c939a0b5736c604792ada20b3379e1f43d0721dd0a00bc48c769929
2024-05-21T13:52:16.237526,613116943,Gecko Gang #2767,0x6dd4832ec669cf5092ce35c830844ddccb66c9a917bd5773451b12202b9b4a4d,0x6adc46220bd1f28b19c5d517f377356270d6d13aaa35c7cca1671613e38052a3
2024-05-21T13:54:27.425011,613119619,Gecko Gang #2719,0xdd502808a56c3276c48666d6ec22bb8a401044481496bcfcd9782330a877fc30,0xa6733dc792994e3ab0ca47d8dcb5814a47f53d57dd8fc73acb6a5383975da57d
2024-05-21T15:00:25.202112,613201133,Gecko Gang #901,0x8df3099e29f75939b0cb94fbbc046974bb9b3125f9d6e39e5dc7992ed7810c76,0x6578164fa087d7a4581cbe52bc736fc7425eb6490a6f4f4b024fa73a0f259665
2024-05-21T13:28:08.083901,613085519,Gecko Gang #1179,0x82254782f55de3d44d1984e17b74b11830bc725ce0f2eb256da5b7f1a8c690dc,0x6b814a1ec21b5ce95d93183987f40577cf0da43b6c07c05537a3caa4fa3e2407
2024-05-21T13:29:52.069613,613087499,Gecko Gang #960,0x352898261cadf86193884e53ddc8b21d11966143624cf74756f11ed2222a601e,0xad0ffe8ac226b685f64ee737dc07b730003e0b40bc609c0bd882203c2fd24a14
2024-05-21T16:41:25.295386,613330005,Gecko Gang #1486,0x637dce4f44777dd3632e43383a6015ae7b5207fc99295042551a55258b254cc2,0x36cad11b389527d0ea8eeacaa2c416cbfc9fa5821027372da8b8fa552a9768ce
2024-05-21T13:53:55.066739,613118877,Gecko Gang #1787,0x9f7a30a38fa56d8671e7ba2c0acc1338fc645b16ff295a24329080189b1b4252,0xa6733dc792994e3ab0ca47d8dcb5814a47f53d57dd8fc73acb6a5383975da57d
2024-05-25T05:41:38.37388,756389508,Gecko Gang #581,0xc9ad4aa91cbbda952e714b6a4dfd969b69d64c793cc9da0f7ef8eba664836cf9,0x5125fe9198abdf95951e9eaca45878ef3656dca3ddd29834998cdc1c2260aba1
2024-05-21T13:37:41.681449,613097568,Gecko Gang #1628,0xaf344d796ca566d9672b742e51ad2f8255b5436d9d014f73ab391b8941923c3a,0x7951b46c0c939a0b5736c604792ada20b3379e1f43d0721dd0a00bc48c769929
2024-05-21T13:53:15.009573,613118043,Gecko Gang #350,0x288c2a90a054c6cf82df1c73f58be61a0fe94d886e27852e62fefccd75bd7a91,0x6adc46220bd1f28b19c5d517f377356270d6d13aaa35c7cca1671613e38052a3
2024-05-21T13:27:58.295197,613085320,Gecko Gang #2811,0xe8b05853bab87a55ea295487c1152e8e0b71f582ef969829123f615e4c197a37,0x6b814a1ec21b5ce95d93183987f40577cf0da43b6c07c05537a3caa4fa3e2407
2024-05-22T06:38:44.692045,614525887,Gecko Gang #1537,0x573f10b92163f39ae652c4a50f553648d04819f4cfc6cf8cd8a223430dc7869f,0xe721c8cb039e9d7472b47cf05409dae4d58f6d18f3d977ab66cb16f3fde988ae
2024-05-21T13:28:47.002283,613086255,Gecko Gang #2537,0x0d7702c038c5c1347deb6cdd6e827a7f5ec9559356f664787515f6be28d10f9b,0xeb67b44bef740cdb14701b898e7cf817cebd8ed3c2714e5759f1b36ccea38f1a
2024-05-21T15:49:20.889841,613259691,Gecko Gang #14,0xc9e8bdee041bd795ec428d93418c494969a8aa5bb49821f9b6e376d09d6384e2,0x590c2bebf2dcf5d51bcf46b8b12110d51d1d2177d85b34249a68ad1b9d322be1
2024-05-21T18:32:03.608158,613501010,Gecko Gang #736,0xa62ee286841ee0c1ef9fc37b6e9bb1d872d1d8111f6cf54ad943ea7c6edd380f,0x020a18dc1f10192ad4c34ed2d0f2391923d449d71ed3bb7406ab6ce7df34c497
2024-05-21T13:37:52.670431,613097804,Gecko Gang #668,0xec381f4c7f4079306a0c49889a7b963c2198404484fae705b8549a2b32ddbd67,0x7951b46c0c939a0b5736c604792ada20b3379e1f43d0721dd0a00bc48c769929
2024-05-21T18:32:07.816838,613501139,Gecko Gang #2346,0x3d2bb3c6478528409d8f9c26a9ad5bda391afdcedbf392e8482a65d9565e68f5,0x020a18dc1f10192ad4c34ed2d0f2391923d449d71ed3bb7406ab6ce7df34c497
2024-05-21T16:41:57.735712,613331087,Gecko Gang #1474,0xde6ce6271f81b81414b9f95d3c0463df5f5d5a4c7eb90c879fed70571b37cfda,0x36cad11b389527d0ea8eeacaa2c416cbfc9fa5821027372da8b8fa552a9768ce
2024-05-21T13:58:04.534476,613124031,Gecko Gang #3186,0x8cad78c46bed05c3e6a7b136c882876f6f70998f8aff39650789dec408c8e445,0xa6733dc792994e3ab0ca47d8dcb5814a47f53d57dd8fc73acb6a5383975da57d
2024-05-21T13:53:40.793646,613118576,Gecko Gang #2197,0x18f63e5e5c47cd3c121571ab8935c813ecd72695a6069594f07060570557ba95,0x6adc46220bd1f28b19c5d517f377356270d6d13aaa35c7cca1671613e38052a3
2024-05-21T13:27:42.684187,613085061,Gecko Gang #496,0x2d68a05ddffc1bb3456fe2403bc842ab958b114f0cfc6c824dc2b342f7aa99a9,0x6b814a1ec21b5ce95d93183987f40577cf0da43b6c07c05537a3caa4fa3e2407
2024-05-21T17:21:50.058959,613394982,Gecko Gang #2151,0x6e7d29a21403dcaaf7fca5046e17a77b524ae766dcef0f78c59e66978a713810,0xbd3d70386489a0ecb87eaddd449e20b8cf38b4826a52f5256ea25df17efa23c7
2024-05-21T13:32:05.980892,613090401,Gecko Gang #1286,0x444b890e810ba064453e2b98abb252935af97c14cad9aaafd8c28fb288c97c53,0xad0ffe8ac226b685f64ee737dc07b730003e0b40bc609c0bd882203c2fd24a14
2024-05-21T13:38:03.715651,613098030,Gecko Gang #2906,0x36fd9c1f963cf2a9dfe52cbbc250668fece29afc512028b470f84a869dd06918,0x7951b46c0c939a0b5736c604792ada20b3379e1f43d0721dd0a00bc48c769929
2024-05-22T08:12:32.917628,614627261,Gecko Gang #1312,0x3431e02992eafe872d863c200c46c8193f6f1f08829d7b85331e88782474aa71,0x7f72ff2d73ab4db59806e0d12dcf2841f62be482e882ca760a8220a91eeab2bf
2024-05-21T13:29:02.060393,613086519,Gecko Gang #864,0xc2faea131b7bdc909c547ff16750ef07624e7a86428a1d7b423dab1baca2c310,0xeb67b44bef740cdb14701b898e7cf817cebd8ed3c2714e5759f1b36ccea38f1a
2024-05-25T05:41:48.665615,756404049,Gecko Gang #54,0x5944aee4549b680170041ee96d08a1982129d630556e7b6298a2ace5fe502839,0x5125fe9198abdf95951e9eaca45878ef3656dca3ddd29834998cdc1c2260aba1
2024-05-21T16:30:24.204081,613314641,Gecko Gang #1727,0xad5fa3d93569f771a73e66e58d33d71c2744bc9c0c167792882366a53b974c5d,0x6adc46220bd1f28b19c5d517f377356270d6d13aaa35c7cca1671613e38052a3
2024-05-21T15:48:38.02776,613258733,Gecko Gang #1459,0x0b2efb18c1ebb98d52ec71477b8a19ec04abc7eb86417eb259efae5c2680432b,0x590c2bebf2dcf5d51bcf46b8b12110d51d1d2177d85b34249a68ad1b9d322be1
2024-05-21T18:29:54.536224,613497496,Gecko Gang #188,0x30217aa45f3828f398f6d1fec95d6d085df25e617a12a023a510cf14723cb1a1,0x5f2d033df09c0a13f396910ca8a50d3eb1f01322a90e0f789603353eeeb76043
2024-05-21T17:24:17.804222,613398000,Gecko Gang #722,0x573f1324e721743b7c781329782768aa5006edf2860a29b95b54a4daa7b07380,0xbd3d70386489a0ecb87eaddd449e20b8cf38b4826a52f5256ea25df17efa23c7
2024-05-21T16:37:39.039914,613323764,Gecko Gang #237,0xce4ddf2826a6e7597c3b504b5c07573f097c260f33c2e4354a50d550c1963895,0x544239d501c4e261133d84371531809ef72b4ff981acf6537026cacac98ef187
2024-05-21T17:22:03.921027,613395288,Gecko Gang #2259,0x6e9c9bcce787ef420b815ec829717b61b4d831941174e384efc5f685221e8c68,0xbd3d70386489a0ecb87eaddd449e20b8cf38b4826a52f5256ea25df17efa23c7
2024-05-21T17:23:57.784596,613397608,Gecko Gang #3217,0x20390b8684f41ecf1ac2aac3b8d721b8c8f012001d24576e1bf3fed59c48a421,0x15ec85deb36a9b034af583e77452676c41d4f9e385071e1e284e0f1ab5ad18ea
2024-05-21T17:54:25.190898,613442779,Gecko Gang #3146,0xd50c0e599e60101a64de0c9c4071a07cefbedbc6cb9c511e8a499ac84400f038,0x5125fe9198abdf95951e9eaca45878ef3656dca3ddd29834998cdc1c2260aba1
2024-05-21T15:56:21.753876,613269124,Gecko Gang #631,0x79ea56be9d2d9eb801d83575b438d2e5a1f96ac3c65c982778fe53a85cf1a94d,0x1eb11a2089f8907cec0edb2a8fdc8dcff4d9f99abef1c79c623e8c3725ca7057
2024-05-21T17:43:54.948731,613425373,Gecko Gang #995,0x75cfd24a759b9a2986c025fbdd51d9fac15fb6e15d3b6b6cdca8045d6584f1d9,0xa3d24063288cae9388c64cec1821aff47abf6fe7b34ef00ee6e15fd4655637e9
2024-05-21T15:48:56.955491,613259132,Gecko Gang #1012,0x78674814638edbdec12f7f2afb0db6ffd5fd5a9893e7d426b88b69ae8a691240,0x590c2bebf2dcf5d51bcf46b8b12110d51d1d2177d85b34249a68ad1b9d322be1
2024-05-21T17:54:36.05493,613443058,Gecko Gang #1692,0x495cea566e053a72904017fd8a8723234557e98496548513dcce472e0dff625d,0x5125fe9198abdf95951e9eaca45878ef3656dca3ddd29834998cdc1c2260aba1
2024-05-21T14:00:02.819411,613126653,Gecko Gang #1461,0xb47c2ae780b5abcd6862496d45ce603c95201d29ba90247df365f8ed6e53c910,0xb6934353a0f87a69029ed76b5b3312681cbb8357cf9583eafe3bea5adac1e178
2024-05-21T13:40:16.176809,613100932,Gecko Gang #1318,0x4ebd017dda3e4a6ab6e1b035e88baa349bcc9db58d8a95d4c150ec67550dedd8,0xfc63ebe21fc481476bdd9cf2a399db5ab953b75136569b496fa2135a0c0fbaab
2024-05-21T16:42:07.514139,613331422,Gecko Gang #1676,0x520041a5714b01e28acbcd1de254b0feb1b058652a55886595295ed74066ae41,0x36cad11b389527d0ea8eeacaa2c416cbfc9fa5821027372da8b8fa552a9768ce
2024-05-21T14:16:01.640464,613146870,Gecko Gang #1635,0x545fa99c459e1fe09df1d681302109e433feaebc56416aeeb4f97a3895504a97,0x6b916a380d4d3e5a82c6d1ed9db3aec49341ecfc1e88d9add56834235f7059fa
2024-05-21T18:29:59.245816,613497618,Gecko Gang #1082,0xe04a4d1c931f4f99eae1acb07e9e75c119615cca0ff4255490282cbad579679f,0x5f2d033df09c0a13f396910ca8a50d3eb1f01322a90e0f789603353eeeb76043
2024-05-21T17:54:46.050589,613443342,Gecko Gang #1562,0x5c54d6a6d6ef7759e5a9cc416c4e29240df78c9a9218908c37298caaa56e788c,0x5125fe9198abdf95951e9eaca45878ef3656dca3ddd29834998cdc1c2260aba1
2024-05-21T16:42:17.710694,613331757,Gecko Gang #339,0xd0ee4de77fb9126dd366e2098e18b8f02f0b8215e8e4de7fc10c77beada46d54,0x36cad11b389527d0ea8eeacaa2c416cbfc9fa5821027372da8b8fa552a9768ce
2024-05-21T15:00:48.144711,613201651,Gecko Gang #378,0x4da93ad485dac89a4fa356acc1b88922d70b4e4b041f57a432cf13fe6f111fa0,0x6578164fa087d7a4581cbe52bc736fc7425eb6490a6f4f4b024fa73a0f259665
2024-05-21T18:30:02.823722,613497697,Gecko Gang #2108,0xd215f12c7b1648979d16edede8ae6e7c7e114a9fb0d74eb958cefb2d9431b370,0x5f2d033df09c0a13f396910ca8a50d3eb1f01322a90e0f789603353eeeb76043
2024-05-21T17:54:55.596685,613443586,Gecko Gang #265,0xfa8ac03e966439b83d5a6acde2311de45c2afa061bd6340a4b8c7980d6c840b4,0x5125fe9198abdf95951e9eaca45878ef3656dca3ddd29834998cdc1c2260aba1
2024-05-21T13:46:25.08457,613108791,Gecko Gang #244,0xef094a18ff8df2e5f1972790dc6cfa8bcd38a746604e18f42f8e6a070f366990,0x6adc46220bd1f28b19c5d517f377356270d6d13aaa35c7cca1671613e38052a3
2024-05-21T17:22:17.216835,613395568,Gecko Gang #2648,0xaa9eeb73e82e883db5e9c5d77a87b6ea548cf6c0aa6907401cec0412130c36e3,0xbd3d70386489a0ecb87eaddd449e20b8cf38b4826a52f5256ea25df17efa23c7
2024-05-21T17:24:43.828489,613398546,Gecko Gang #1878,0x3eb0e2437a2e644c167b6c8574cf445307b2ccda73394922092be7c521e7a36a,0xbd3d70386489a0ecb87eaddd449e20b8cf38b4826a52f5256ea25df17efa23c7
2024-05-21T13:27:49.661651,613085181,Gecko Gang #492,0xd96ee09f6afb3caaa28b17ba17381b4e6143dae46ea563e6f1c398a05fc68e7a,0xaa092b6c02783acbfd843cd07190ad9570bcb7a405800518934b38552c58e8f7
2024-05-21T16:41:35.834452,613330316,Gecko Gang #1432,0xb2307dbc8dde98ce120b44c1b956bb099b5ac9fb24d169618240eda1ef8a9b98,0x36cad11b389527d0ea8eeacaa2c416cbfc9fa5821027372da8b8fa552a9768ce
2024-05-21T17:55:05.394206,613443833,Gecko Gang #994,0x7faea854958328f776f2f7208895686e16d6ed11b3887116d1c36f4a6ac60463,0x5125fe9198abdf95951e9eaca45878ef3656dca3ddd29834998cdc1c2260aba1
2024-05-21T18:30:05.752164,613497785,Gecko Gang #3293,0x72a7b64da62b7de53dd6a38e26b1c2b34dba8bc906794c7ffce25cf339c387bc,0x5f2d033df09c0a13f396910ca8a50d3eb1f01322a90e0f789603353eeeb76043
2024-05-21T17:22:32.280519,613395883,Gecko Gang #199,0xd318010c1b1b870007bb840138d75cd86f6406b385eb0b10a057dacd6432af69,0xbd3d70386489a0ecb87eaddd449e20b8cf38b4826a52f5256ea25df17efa23c7
2024-05-21T14:40:18.801895,613175710,Gecko Gang #1239,0x975e45919111a4270267e9f57d1734fdb8598cdfa97ef13619b811472c6c5efd,0x15ec85deb36a9b034af583e77452676c41d4f9e385071e1e284e0f1ab5ad18ea
2024-05-21T13:27:26.826,613084769,Gecko Gang #2225,0x2e88bad8853991afdf75025f1ad65060415dd20f0758cd0225bb439b775f1c26,0x1183f1b40be02d705d267130242e040bbb27b83365bbd9247319285ba65ff5ea
2024-05-21T17:55:14.861831,613444132,Gecko Gang #1478,0xfe160d80ababad47213b18805f838d435dabe2e623116263e9fb8e4cf605b32d,0x5125fe9198abdf95951e9eaca45878ef3656dca3ddd29834998cdc1c2260aba1
2024-05-21T13:46:50.733219,613109353,Gecko Gang #252,0xdcbb9efae2076f90c1352a77e251905787e4734299ae64cb08e6cd0696baeb15,0x6adc46220bd1f28b19c5d517f377356270d6d13aaa35c7cca1671613e38052a3
2024-05-21T14:17:14.978286,613148373,Gecko Gang #1874,0x03c266ae3572435ffe5c2775407dc35d04a74a3aa82ebb85f35c4f06fa239eb9,0x6b916a380d4d3e5a82c6d1ed9db3aec49341ecfc1e88d9add56834235f7059fa
2024-05-21T17:55:24.147269,613444387,Gecko Gang #189,0xa3cb17ac8f4f2dadac0a560974fea635e22128225b74ccf698298aaafc76733d,0x5125fe9198abdf95951e9eaca45878ef3656dca3ddd29834998cdc1c2260aba1
2024-05-21T16:42:27.284473,613332027,Gecko Gang #1084,0x07c7d5e528a52b5b0e687f7ac828581b0e068284df83024bfa96c9d423c5b3a0,0x36cad11b389527d0ea8eeacaa2c416cbfc9fa5821027372da8b8fa552a9768ce
2024-05-21T15:04:22.858676,613206375,Gecko Gang #3214,0xaf2af09743fa92c361bdb207652fa27457c4829f3ac0969f548b81a1fee14c1a,0x15ec85deb36a9b034af583e77452676c41d4f9e385071e1e284e0f1ab5ad18ea
2024-05-21T17:22:47.528296,613396199,Gecko Gang #1488,0xa39713b3bf76e0f0e3425106f999ff478e99d9d00742c1efacc92d76a9b07be2,0xbd3d70386489a0ecb87eaddd449e20b8cf38b4826a52f5256ea25df17efa23c7
2024-05-21T16:41:14.057848,613329693,Gecko Gang #1958,0x8354d4d209e2068cb60a4138f50f46b6ea9feda5fa93060a65b8e8a3658d79a0,0x36cad11b389527d0ea8eeacaa2c416cbfc9fa5821027372da8b8fa552a9768ce
2024-05-21T13:40:29.681339,613101191,Gecko Gang #3201,0xb6934353a0f87a69029ed76b5b3312681cbb8357cf9583eafe3bea5adac1e178,0xfc63ebe21fc481476bdd9cf2a399db5ab953b75136569b496fa2135a0c0fbaab
2024-05-21T13:45:15.609138,613107371,Gecko Gang #2511,0xcccac78ab3394ee691a51bf82d61b825443ca9e1f752d24a0627fc8961cc66b8,0x6adc46220bd1f28b19c5d517f377356270d6d13aaa35c7cca1671613e38052a3
2024-05-21T14:18:18.526929,613149645,Gecko Gang #1697,0xd0eed49de63563b8e27cd7dbb407d11d05d26b0ed10b51f8aa2784b49710b87c,0x6b916a380d4d3e5a82c6d1ed9db3aec49341ecfc1e88d9add56834235f7059fa
2024-05-21T17:55:33.395378,613444629,Gecko Gang #1427,0x7f313919805e2583680ac77d2784dda4df84e7f1f9cd8fd0679277badf1c71e4,0x5125fe9198abdf95951e9eaca45878ef3656dca3ddd29834998cdc1c2260aba1
2024-05-21T17:25:02.568605,613398956,Gecko Gang #1640,0x197bea4ca74abb31221c61078c103d5193385daab21e314eb9ad9bb56696ea4a,0xbd3d70386489a0ecb87eaddd449e20b8cf38b4826a52f5256ea25df17efa23c7
2024-05-21T15:01:03.999159,613201968,Gecko Gang #609,0xbc2a49cad3e86d639b8551b1b824f098d21a021f0eb51efeb7e5b125fdf05db1,0x6578164fa087d7a4581cbe52bc736fc7425eb6490a6f4f4b024fa73a0f259665
2024-05-21T16:42:37.779188,613332334,Gecko Gang #179,0x45a5de1a63795ebf13444762baadf74d21696e63f5f4acc1b22080d089fe27af,0x36cad11b389527d0ea8eeacaa2c416cbfc9fa5821027372da8b8fa552a9768ce
2024-05-21T17:23:01.788679,613396486,Gecko Gang #1278,0x490991bdb5f5f2778f91894e20420bda73cc7720db77733e44f05186c5e39852,0xbd3d70386489a0ecb87eaddd449e20b8cf38b4826a52f5256ea25df17efa23c7
2024-05-21T13:49:38.545567,613113074,Gecko Gang #3291,0x842dc204b77a75f106b4454b5a349939211f5f8addc0a6e7a25af53e394df21b,0x6adc46220bd1f28b19c5d517f377356270d6d13aaa35c7cca1671613e38052a3
2024-05-21T17:55:43.01837,613444947,Gecko Gang #243,0x34f310b01fbc9090d0813b7cdd281f68d3e266056b0d58512065258d55dd3677,0x5125fe9198abdf95951e9eaca45878ef3656dca3ddd29834998cdc1c2260aba1
2024-05-21T13:32:04.135314,613090354,Gecko Gang #898,0x235a4c74cddfe8fb9e75ebf50d2236e061e2b84b7f9e354c4733454e85d01ece,0xb71f8eaca831a7964bb3da8a5667d418f24559b98d1c619996dbd559e84c9109
2024-05-21T16:49:33.828058,613344009,Gecko Gang #1146,0xa2722f71553f501a63c763dd2abc4d6ea1dc60f47f576715ce541cfcce496776,0x36cad11b389527d0ea8eeacaa2c416cbfc9fa5821027372da8b8fa552a9768ce
2024-05-21T14:20:42.23847,613152577,Gecko Gang #2867,0x2368b2e7b8f2147ae69bd3c4511695c9358873a1c6040802b67a5bb43712cdc1,0x6b916a380d4d3e5a82c6d1ed9db3aec49341ecfc1e88d9add56834235f7059fa
2024-05-21T16:52:51.202214,613349315,Gecko Gang #2365,0x0cbf7817d415c2a6b4a8926488e40db16c2c1617d9d903581bcb712eb19894e5,0x36cad11b389527d0ea8eeacaa2c416cbfc9fa5821027372da8b8fa552a9768ce
2024-05-21T17:55:52.937963,613445204,Gecko Gang #1637,0x3365a1405285a6a08a15facf1138f4248dd8fae5760caea7c0b7bd32be33724d,0x5125fe9198abdf95951e9eaca45878ef3656dca3ddd29834998cdc1c2260aba1
2024-05-21T13:51:40.456924,613116253,Gecko Gang #2716,0xd4a14bc7ab38320f03587f0c4d047c664308b9edd3530cae59ee08ad058fbfc9,0x6adc46220bd1f28b19c5d517f377356270d6d13aaa35c7cca1671613e38052a3
2024-05-21T17:56:02.96729,613445460,Gecko Gang #1104,0xb020f8a6e06f4243641ff7ad4d85acc82244219836ac98a187008366e96b6b26,0x5125fe9198abdf95951e9eaca45878ef3656dca3ddd29834998cdc1c2260aba1
2024-05-21T15:01:27.301683,613202485,Gecko Gang #3183,0x970a504aba16890a0f18ef46cabfda75ca9f7cd9fae97128690080082aa64c19,0x6578164fa087d7a4581cbe52bc736fc7425eb6490a6f4f4b024fa73a0f259665
2024-05-21T17:25:21.708985,613399425,Gecko Gang #827,0xeebcc2156c2b71962002cab39dd0e86bfb06716c810eeae86b6c23c45235e297,0xbd3d70386489a0ecb87eaddd449e20b8cf38b4826a52f5256ea25df17efa23c7
2024-05-21T17:23:15.542567,613396774,Gecko Gang #373,0x63dbe4647bf9f5b0935a63f2f3e5c1dc4a2d49e9ebdf51abf76d62b4ed395847,0xbd3d70386489a0ecb87eaddd449e20b8cf38b4826a52f5256ea25df17efa23c7
2024-05-21T13:48:27.870634,613111432,Gecko Gang #2614,0x70823a471e6a7cbc14267e32c5ce05484a23512f7586ba6e6ba0461e47eaa9a9,0x6adc46220bd1f28b19c5d517f377356270d6d13aaa35c7cca1671613e38052a3
2024-05-21T17:56:13.540987,613445790,Gecko Gang #1186,0xa697435133bcfded52888d6ebc59c6af72f4161302462bce03e1a4d4cc7d93b8,0x5125fe9198abdf95951e9eaca45878ef3656dca3ddd29834998cdc1c2260aba1
2024-05-21T14:16:36.435854,613147532,Gecko Gang #539,0x0fa5e23bad6072e9fd2499135f51ff30026e27fd47c036ad6dacdecb152e2082,0x6b916a380d4d3e5a82c6d1ed9db3aec49341ecfc1e88d9add56834235f7059fa
2024-05-21T13:30:59.14264,613089048,Gecko Gang #2029,0x2176fc25bf63af2053f24828b9976287787b07809a5769f2b484f8ee2f828ba2,0xd098ed4c8a4fecfd082149216a1029ff1ed3d4dffd628348b018ed00036eec22
2024-05-21T13:29:06.418681,613086625,Gecko Gang #413,0x740c63e12d37bf1f0d46ff5cf60c790435fee131f2bbc6420aea63d38567ad9c,0x1eb11a2089f8907cec0edb2a8fdc8dcff4d9f99abef1c79c623e8c3725ca7057
2024-05-21T13:53:08.506949,613117897,Gecko Gang #329,0x69d94eb43796f6cac7e275176879a1d766192fd0796271ac37df1dba02d41f00,0xa6733dc792994e3ab0ca47d8dcb5814a47f53d57dd8fc73acb6a5383975da57d
2024-05-21T15:01:43.450464,613202814,Gecko Gang #2255,0xf7dbf38a8781410d6583ce444f9f95071c919530587e047d7f7afd3743236f70,0x6578164fa087d7a4581cbe52bc736fc7425eb6490a6f4f4b024fa73a0f259665
2024-05-21T17:56:23.498593,613446038,Gecko Gang #2662,0x3447e54091882a27b7adc52bd63858751578ff84d359206b3ca7958df718fc6d,0x5125fe9198abdf95951e9eaca45878ef3656dca3ddd29834998cdc1c2260aba1
2024-05-21T17:25:52.550719,613400100,Gecko Gang #2119,0xb335a939c9411fca5747da32ac519d67f18a6214eb513dc2745a277a7ca48e9a,0xbd3d70386489a0ecb87eaddd449e20b8cf38b4826a52f5256ea25df17efa23c7
2024-05-21T18:36:32.001793,613507854,Gecko Gang #2707,0x5ad739c9a9dedae61adec15062c4c92493ffead6bb0ed6fcf314613c9741e701,0x0cdbd38764c894c3f5d97630be4304b74722d4e3d277e4725722cc89ae0e0eb6
2024-05-21T15:08:49.456429,613212224,Gecko Gang #1901,0x0af6524d03e3ff9d8e8fc1fb69b7b394880a674862121f1d6293aeef39b319c8,0x78a2ef21ebaf7ecfd5922f6b7f29a71469a73645e95a1f92c277f3ae1e3b76de
2024-05-21T13:52:31.024719,613117202,Gecko Gang #2527,0xb762bd7e4107bed2a548444fd6c1ed29ceeeeb0317677faffb2bf526bde66d5a,0xa6733dc792994e3ab0ca47d8dcb5814a47f53d57dd8fc73acb6a5383975da57d
2024-05-21T17:56:34.018575,613446301,Gecko Gang #2672,0xb5cc2c413035351cbe88fa87240afca83a263e617fb14051253707e5d39b1737,0x5125fe9198abdf95951e9eaca45878ef3656dca3ddd29834998cdc1c2260aba1
2024-05-21T13:40:38.388021,613101387,Gecko Gang #1408,0x962282d8018f5fe29f83219a21b9fe99b683ac9b667bc1d2aed8b4dc0baa873e,0xfc63ebe21fc481476bdd9cf2a399db5ab953b75136569b496fa2135a0c0fbaab
2024-05-21T15:09:11.7364,613212722,Gecko Gang #675,0x23e69db6d08d2896bdb048aa221ba1d8d931c241c0119fbf9203cf0ee1c8aead,0x78a2ef21ebaf7ecfd5922f6b7f29a71469a73645e95a1f92c277f3ae1e3b76de
2024-05-21T17:56:45.050819,613446621,Gecko Gang #98,0xad6a0b6690898370aceaf7c72a15ae64ad992e81ce23aa39983b7e786b859514,0x5125fe9198abdf95951e9eaca45878ef3656dca3ddd29834998cdc1c2260aba1
2024-05-21T15:01:59.543094,613203147,Gecko Gang #2621,0xeceffecd7b487e1fb4f5c78fa19c7f9686843a76061607d9a002948add67b083,0x6578164fa087d7a4581cbe52bc736fc7425eb6490a6f4f4b024fa73a0f259665
2024-05-21T17:56:56.08223,613446918,Gecko Gang #207,0xff583da26917fdba664130d93296b4754c8d591daaf5d4eaa5503b9ac5d35238,0x5125fe9198abdf95951e9eaca45878ef3656dca3ddd29834998cdc1c2260aba1
2024-05-21T13:51:12.174485,613115515,Gecko Gang #1315,0x600bf0803a56be9afcff48fe448efb38d0f61c4ac435d654f616b0d1dde0f1d9,0xa6733dc792994e3ab0ca47d8dcb5814a47f53d57dd8fc73acb6a5383975da57d
2024-05-21T15:09:31.374216,613213117,Gecko Gang #478,0x7a33c25309bfdbdfc41a8e991f8a8bca20a0d17eaaa09d6350b8c3feeee30b9b,0x78a2ef21ebaf7ecfd5922f6b7f29a71469a73645e95a1f92c277f3ae1e3b76de
2024-05-21T18:39:31.946866,613512455,Gecko Gang #784,0xfd1ca1f4683180b165e145a9f8ef86a32a467f0c86aeaceaa9ee713e0f23fbb3,0x8bd686f79ab0c74096b7629d4886495e1fddd18018d0f27a34a793d75e7184b2
2024-05-21T15:09:57.724545,613213680,Gecko Gang #1801,0x63c808d5edce0456d19f9316659743b12fa0c00d60f77682cb3b553eca881e07,0x78a2ef21ebaf7ecfd5922f6b7f29a71469a73645e95a1f92c277f3ae1e3b76de
2024-05-21T17:29:28.312642,613404756,Gecko Gang #1095,0xb63e220e16b1fb7c94b0ee191e2b78cd4747eb18f47f7b9620c3e2ab7b7969e8,0x15ec85deb36a9b034af583e77452676c41d4f9e385071e1e284e0f1ab5ad18ea
2024-05-21T13:49:36.475726,613112983,Gecko Gang #919,0xe3048b782718f84f50692bd8ea42354fedbcaa1d43bc80905f7db4b03717738b,0xa6733dc792994e3ab0ca47d8dcb5814a47f53d57dd8fc73acb6a5383975da57d
2024-05-21T15:10:17.360371,613214140,Gecko Gang #1517,0xf1797a3c5fa1f12799475b41b2481dfffe104cd7555b970ea10345cf6b28cb72,0x78a2ef21ebaf7ecfd5922f6b7f29a71469a73645e95a1f92c277f3ae1e3b76de
2024-05-21T18:38:19.385279,613510597,Gecko Gang #1031,0xd28159c72e1eea26f3c859e09bf49b1b5c1d9aeaf4284d0f29804d383a67c626,0x8bd686f79ab0c74096b7629d4886495e1fddd18018d0f27a34a793d75e7184b2
2024-05-21T14:56:16.939728,613195939,Gecko Gang #767,0x5a4bfb0cd00e56565dfb10f7025e3d264e5d86ecc6eb7ce8fe0da2ed9aa8a327,0x985350808b1aa1b90536b54757ff7594e05e40bc95797c88fe01af7cf56e2a82
2024-05-21T15:10:36.758192,613214506,Gecko Gang #2245,0xf5c016c89ddc5b5a7e96fc87808aa59c4352108e7640f58bd3a6789ea424b629,0x78a2ef21ebaf7ecfd5922f6b7f29a71469a73645e95a1f92c277f3ae1e3b76de
2024-05-21T17:57:06.532927,613447197,Gecko Gang #464,0xa8ec2b2515c0e33818b214348ff6570917a9e86eb08065ed6c4f7a7aa705974c,0x5125fe9198abdf95951e9eaca45878ef3656dca3ddd29834998cdc1c2260aba1
2024-05-21T15:57:04.183386,613270010,Gecko Gang #917,0x7beeb7826d13d9faf7ca9f16eefd4c309b38a750ac14d2fa7ac9d0d1fbf11438,0x1eb11a2089f8907cec0edb2a8fdc8dcff4d9f99abef1c79c623e8c3725ca7057
2024-05-21T13:37:30.26372,613097286,Gecko Gang #2132,0xeded8c375fd1f74d46905fd3b7e173136ecfd3fa6ccf255cfa06678563a58e53,0x5f693c85107e5741a182d3aec8462c2616e2dbdf902a583564db0bd24ca8a002
2024-05-21T17:57:16.478905,613447451,Gecko Gang #114,0xe4adb1f8963014525d31c277760cb6d66a02527a400dda46c46cf59fcc664bea,0x5125fe9198abdf95951e9eaca45878ef3656dca3ddd29834998cdc1c2260aba1
2024-05-21T13:51:57.405968,613116612,Gecko Gang #2252,0xa4b9e3d0d54061ff1716a6ac3974d23f16056e46f86fef3ed1b8ad53e12b4378,0xa6733dc792994e3ab0ca47d8dcb5814a47f53d57dd8fc73acb6a5383975da57d
2024-05-21T13:39:18.174942,613099651,Gecko Gang #847,0x3de51e8520e3f87f82706a3759b4916fbbfd8361b3fe24f027f02934cc0f5464,0x0f1693f24823bb986935f872683b0391f53bf7d09b0979e83d54c489ae33b338
2024-05-21T13:37:20.747176,613097093,Gecko Gang #2692,0xf2ab4c7953a71bd7b0b19d221b98b525633f7184ffb4db6afa94247d5f887264,0x5f693c85107e5741a182d3aec8462c2616e2dbdf902a583564db0bd24ca8a002
2024-05-21T17:57:27.863629,613447708,Gecko Gang #2934,0x04e82ec91e4b3576ae5cba5b066fa8715da51cf6782dda8ba68d2036539afdfc,0x5125fe9198abdf95951e9eaca45878ef3656dca3ddd29834998cdc1c2260aba1
2024-05-21T13:36:56.631696,613096590,Gecko Gang #3173,0x79d3f18cfb10ef1e9987162b99b42e315ed94b219761cc243c9b56133857496b,0x5f693c85107e5741a182d3aec8462c2616e2dbdf902a583564db0bd24ca8a002
2024-05-21T14:09:45.68987,613138940,Gecko Gang #3121,0x3eb0df043f880fd99ff0670c5193666491dfb6637512c28c8a794159350da831,0x128a3411acccf890226bd3e253306a3be4fbc0f7c33c0ac3a331ada56bae7678
2024-05-21T13:36:47.267563,613096407,Gecko Gang #2330,0x0030c7f5a05b900a10a8dfad9ae6187081e9c3ef602a360f6976f86871c03f83,0x5f693c85107e5741a182d3aec8462c2616e2dbdf902a583564db0bd24ca8a002
2024-05-21T13:32:44.059312,613091200,Gecko Gang #3194,0x10175cf84e01dfe4cf5af394dcc44165289f82e4c8039abf635ff9ed83514bfa,0x6b916a380d4d3e5a82c6d1ed9db3aec49341ecfc1e88d9add56834235f7059fa
2024-05-21T13:36:38.079377,613096222,Gecko Gang #758,0x204de8665c4d30f5d4d872d5806e2f640710de8623e6e99198091d7452f923dd,0x5f693c85107e5741a182d3aec8462c2616e2dbdf902a583564db0bd24ca8a002
2024-05-21T13:36:28.843508,613095991,Gecko Gang #616,0x885cd7ea2cb337cbcb2a882c71ff5eee54d0e09bd3c5ca1fe3d4990b6e3cdf04,0x5f693c85107e5741a182d3aec8462c2616e2dbdf902a583564db0bd24ca8a002
2024-05-21T17:31:42.728339,613407721,Gecko Gang #293,0x14be44ac5567364d5d1be2bfce5ad0d89b4f97332c67b113898a840f29b6c59b,0x15ec85deb36a9b034af583e77452676c41d4f9e385071e1e284e0f1ab5ad18ea
2024-05-21T13:36:18.858123,613095770,Gecko Gang #821,0xfbd838474642ee24e7bbc9b40a97e2f2a6cffab6222d82385e3472abe7560c71,0x5f693c85107e5741a182d3aec8462c2616e2dbdf902a583564db0bd24ca8a002
2024-05-21T17:57:48.071057,613448170,Gecko Gang #1489,0xd161afdf7f61574d081b641dcfa4ebd0a3adf25c16f3725b1acd27db6b285311,0x5125fe9198abdf95951e9eaca45878ef3656dca3ddd29834998cdc1c2260aba1
2024-05-21T13:36:07.925331,613095483,Gecko Gang #1520,0xee096cc012ba8646f68c48d1f5aebd77047072f61472794d27159019d20504e0,0x5f693c85107e5741a182d3aec8462c2616e2dbdf902a583564db0bd24ca8a002
2024-05-21T17:57:58.30457,613448429,Gecko Gang #721,0x28fe30262449246ecf5710b1c475d855eb4108843b4a4a62f591d1176620dc14,0x5125fe9198abdf95951e9eaca45878ef3656dca3ddd29834998cdc1c2260aba1
2024-05-21T13:56:53.111053,613122723,Gecko Gang #2058,0xe18c9fc770727c7c7a40df11d7c2cb360b5f7a88aa9ae66caf858a5702ffb019,0xa6733dc792994e3ab0ca47d8dcb5814a47f53d57dd8fc73acb6a5383975da57d
2024-05-21T13:35:49.792324,613094956,Gecko Gang #2829,0xee238195368552f6e27e065916493c2c4cc51419996c01ea5a9ce818b17bc23b,0x5f693c85107e5741a182d3aec8462c2616e2dbdf902a583564db0bd24ca8a002
2024-05-21T13:35:28.622145,613094389,Gecko Gang #1607,0xf03de978582226bf09018af2e3d65e3fbdf2496391a4e82b8c7d9ef62bb100e8,0x5f693c85107e5741a182d3aec8462c2616e2dbdf902a583564db0bd24ca8a002
2024-05-21T13:33:50.986806,613092512,Gecko Gang #1667,0x131c5be977ca4c6d1104d371385f033663c048a34c39d7c5edf50fc41b46d32d,0xad0ffe8ac226b685f64ee737dc07b730003e0b40bc609c0bd882203c2fd24a14
2024-05-21T13:35:17.578709,613094145,Gecko Gang #933,0xd80db4ba25b5bee15d0b575c26594b2da929927ef419a16c8b9d1b93187cc44a,0x5f693c85107e5741a182d3aec8462c2616e2dbdf902a583564db0bd24ca8a002
2024-05-22T14:27:24.600761,615060917,Gecko Gang #2551,0xa50f81ced4ec7347a6289a567461c95989d6f9f451ff6a003594b29819e1c986,0x71844cf653b429f5f3c76ff2067c52cd9be3fcb896a8c31aee34d31090cf5e79
2024-05-21T13:34:00.916901,613092688,Gecko Gang #592,0x67d1777e28330b668226d533f4407bb776a93b56a6e40213809efda7a3786b55,0x6b916a380d4d3e5a82c6d1ed9db3aec49341ecfc1e88d9add56834235f7059fa
2024-05-21T15:57:14.03823,613270173,Gecko Gang #1456,0x27f8dc341df143f45d07d0133cf4a1dce94657dcda86339985baea02e5741730,0x1eb11a2089f8907cec0edb2a8fdc8dcff4d9f99abef1c79c623e8c3725ca7057
2024-05-21T13:57:20.864152,613123275,Gecko Gang #1608,0x01e47b55979cadbb779d918d1c97120a1a6144b95c921d3cb66fc01b4cb0ba21,0xa6733dc792994e3ab0ca47d8dcb5814a47f53d57dd8fc73acb6a5383975da57d
2024-05-21T13:35:06.029369,613093913,Gecko Gang #2933,0xa45b9f8c8d2bb63446966a18afeb26a332b944362244727dc6219739419c8d40,0x5f693c85107e5741a182d3aec8462c2616e2dbdf902a583564db0bd24ca8a002
2024-05-21T18:38:13.021416,613510445,Gecko Gang #1997,0x5d4e0ae801bccb6b6a555e5941a22629371ba813343fffa4bdc43bb193842a5e,0x8bd686f79ab0c74096b7629d4886495e1fddd18018d0f27a34a793d75e7184b2
2024-05-21T13:34:54.405988,613093691,Gecko Gang #2092,0x36981736a626f695ba85bda780e9ace352886b700d1700462f303d3a07cb725b,0x5f693c85107e5741a182d3aec8462c2616e2dbdf902a583564db0bd24ca8a002
2024-05-21T17:27:11.935381,613401800,Gecko Gang #3212,0xb82176519f84b1b063ac7909cc16d8e6a63299e1a599f99631c5af58b53d2068,0x15ec85deb36a9b034af583e77452676c41d4f9e385071e1e284e0f1ab5ad18ea
2024-05-25T05:44:00.988386,756582582,Gecko Gang #1434,0x9c2f90e5fe13b2fb3bc02c2146c25900e3ee69c54ffcdf4153800d890a235a32,0x5125fe9198abdf95951e9eaca45878ef3656dca3ddd29834998cdc1c2260aba1
2024-05-21T15:01:12.122789,613202194,Gecko Gang #3075,0x3f510e9d7fe39edae4cb06aa3dc90bfb426cf3ce981f06f2c2e19d56be73523c,0x78a2ef21ebaf7ecfd5922f6b7f29a71469a73645e95a1f92c277f3ae1e3b76de
2024-05-22T06:37:28.069722,614524498,Gecko Gang #372,0x8c070f57698708c8d8c6e01744a7c68e47eb4503cfdca30771d9b92c3b1204dc,0xe721c8cb039e9d7472b47cf05409dae4d58f6d18f3d977ab66cb16f3fde988ae
2024-05-25T05:44:17.430261,756604703,Gecko Gang #1535,0x883c77c32cedfd6439a9b2a3631ee5117449f8221c68dc57112cc0a4c6d8e7eb,0x5125fe9198abdf95951e9eaca45878ef3656dca3ddd29834998cdc1c2260aba1
2024-05-21T15:01:33.457256,613202582,Gecko Gang #3138,0x3a36e20feddee0d5c7eb46038d4aba90d99be4fcfeb5a16b18a019df0bc4ee48,0x78a2ef21ebaf7ecfd5922f6b7f29a71469a73645e95a1f92c277f3ae1e3b76de
2024-05-25T05:44:28.514855,756619671,Gecko Gang #60,0x97614ec6a99213aba4b463b1292d96dc132c90df4348c497e77fa10c027b590a,0x5125fe9198abdf95951e9eaca45878ef3656dca3ddd29834998cdc1c2260aba1
2024-05-21T16:48:36.787912,613342455,Gecko Gang #2990,0x838cbdc103f2798b87676f1be16a6bcbf899ec40d869a3fe73a30b645793f8c4,0x36cad11b389527d0ea8eeacaa2c416cbfc9fa5821027372da8b8fa552a9768ce
2024-05-21T15:02:01.294055,613203182,Gecko Gang #245,0x0c38cca277df47d6097bb5e14d51ce72761210dc6206d1cee0497219d06d10d4,0x78a2ef21ebaf7ecfd5922f6b7f29a71469a73645e95a1f92c277f3ae1e3b76de
2024-05-25T05:45:22.042559,756692675,Gecko Gang #1277,0xbea913bea6ab87618ac32ab60057dcd705f511af0d86ca2d8ec09fade07d57d2,0x5125fe9198abdf95951e9eaca45878ef3656dca3ddd29834998cdc1c2260aba1
2024-05-21T16:48:04.687735,613341473,Gecko Gang #1799,0x509ac558745969a7b6ec2c9104e5cdd1b4979fa194725e3cc740df85975991e5,0x36cad11b389527d0ea8eeacaa2c416cbfc9fa5821027372da8b8fa552a9768ce
2024-05-25T05:45:43.88376,756722940,Gecko Gang #2160,0x3e38e0f3967bda8503f32f4f8635809909f74fdbe36cf93ada87cfaae4ef87e5,0x5125fe9198abdf95951e9eaca45878ef3656dca3ddd29834998cdc1c2260aba1
2024-05-21T16:46:19.994017,613338579,Gecko Gang #2785,0x04328250c1c1b3d27750ad538172fde2e11c417afdf700db992b5e828c9d6ffc,0x36cad11b389527d0ea8eeacaa2c416cbfc9fa5821027372da8b8fa552a9768ce
2024-05-25T05:45:56.793794,756740398,Gecko Gang #789,0x572501e98aac0eeaf5d95ec806b3bd83f43cbe50a460f128856549bd02fcce33,0x5125fe9198abdf95951e9eaca45878ef3656dca3ddd29834998cdc1c2260aba1
2024-05-21T15:02:17.718786,613203604,Gecko Gang #1540,0x9ec73806610b6613f3c93a1944493433fcb215a9a3678ae2a937b9bfa8f92e04,0x78a2ef21ebaf7ecfd5922f6b7f29a71469a73645e95a1f92c277f3ae1e3b76de
2024-05-21T17:22:59.386935,613396436,Gecko Gang #2379,0x04ace43cbf9e892792f7e13a136dae7821a1e9077b3b7422be723fb8e1a965e4,0x15ec85deb36a9b034af583e77452676c41d4f9e385071e1e284e0f1ab5ad18ea
2024-05-21T16:46:36.528433,613339045,Gecko Gang #1806,0x410cccaffaff7450bcc582b24e8651eb0998e4c50d059997106446cf8cecff50,0x36cad11b389527d0ea8eeacaa2c416cbfc9fa5821027372da8b8fa552a9768ce
2024-05-21T13:48:10.36229,613111027,Gecko Gang #2783,0x2eb3e0fd441e4510b631afd77dba0c970b9b50608cef612885b91eb942cb6058,0x6bd0380914172beaa3092e226948c4b3f94a62142f513630bef9446520aca659
2024-05-21T16:46:58.066493,613339708,Gecko Gang #2874,0xa57c984de0479250802b608934d1e7ebd774e02e15c6cf5e733bbaabd686adb5,0x36cad11b389527d0ea8eeacaa2c416cbfc9fa5821027372da8b8fa552a9768ce
2024-05-21T15:02:39.577831,613204008,Gecko Gang #2762,0x8e0e94ee025848240f41e590de622a41723d230ba010224150d736a9502c0c87,0x78a2ef21ebaf7ecfd5922f6b7f29a71469a73645e95a1f92c277f3ae1e3b76de
2024-05-21T16:47:12.99422,613340177,Gecko Gang #105,0x4c9051067dc57be3a58666710cfc4788aee2f3139db023923694acc328a8fb92,0x36cad11b389527d0ea8eeacaa2c416cbfc9fa5821027372da8b8fa552a9768ce
2024-05-21T15:19:26.216166,613225353,Gecko Gang #2333,0xff3c410e507210cef4f2125d88bdbc26739184dbfc1513cb1909ca88b3779d8e,0x52f7fd2f4a2d6907feea114d2e8445e13be716f8e8bf630e4a64f23dc9adae08
2024-05-21T13:36:37.547402,613096212,Gecko Gang #633,0xaafc7a23dd199ae45a73ca7b165102b4052938f4b225e81047cad87223da200a,0x3dd6849aaf5ca32309138a34f9376ee0fe02c5ee530fbc4075a3d059bdabd165
2024-05-21T15:02:58.992036,613204363,Gecko Gang #126,0xfcb2650a73f6baff98cc0411ddd1b82ac933a29fe824002ec94ebb382f728217,0x78a2ef21ebaf7ecfd5922f6b7f29a71469a73645e95a1f92c277f3ae1e3b76de
2024-05-25T05:46:19.020015,756769929,Gecko Gang #605,0xce49198939a1bfac503d8ea336e714435c81f6f10785a701b93e87b776a347a8,0x5125fe9198abdf95951e9eaca45878ef3656dca3ddd29834998cdc1c2260aba1
2024-05-21T16:49:05.749793,613343237,Gecko Gang #3279,0x4460d73a42eaeedbe0f24d94490767bc125db9222d583338f7a263dd71acd0f8,0x36cad11b389527d0ea8eeacaa2c416cbfc9fa5821027372da8b8fa552a9768ce
2024-05-25T05:46:29.876654,756785249,Gecko Gang #3278,0xc3a846a7a3ff51281a3f6c5753a987fa4eeba1ac4acc75b040258e834011d4d0,0x5125fe9198abdf95951e9eaca45878ef3656dca3ddd29834998cdc1c2260aba1
2024-05-21T16:50:04.995206,613344905,Gecko Gang #2085,0x885def72fc2cd0c184a97e30ffcd521882441cf2ba66213dcba0d5773e4cf789,0x36cad11b389527d0ea8eeacaa2c416cbfc9fa5821027372da8b8fa552a9768ce
2024-05-27T23:07:45.478035,951444513,Gecko Gang #3235,0x53b330456e4a31119977e1286b5ac74a1c203783d20ac4491c6430c5a345f32a,0x084f5bd83e952ed63a9c98e3f73b9b69fdcf4cf6dbb5e15a63767359b39851b3
2024-05-21T16:50:55.349443,613346365,Gecko Gang #1476,0x29b914f45d3a93ae377063ebb4cef6bcee9430ad3cb1a84aa8fc9225851c8bfa,0x36cad11b389527d0ea8eeacaa2c416cbfc9fa5821027372da8b8fa552a9768ce
2024-05-21T15:03:14.458329,613204795,Gecko Gang #475,0xbc9229da1aa4a1661b6e836721378ed926ad7acb73de322976fed850012b661c,0x78a2ef21ebaf7ecfd5922f6b7f29a71469a73645e95a1f92c277f3ae1e3b76de
2024-05-21T16:51:25.623487,613347212,Gecko Gang #624,0x93ed3712fe5ed3d6aa27df0cbe0aaeda430b4fcccd24b942e4f9b3dc22633c0f,0x36cad11b389527d0ea8eeacaa2c416cbfc9fa5821027372da8b8fa552a9768ce
2024-05-25T05:46:42.06539,756801902,Gecko Gang #184,0xbca983a406656bf72ca9c435f4241ea06a980b65a01065dacbca9d88c43e8fd7,0x5125fe9198abdf95951e9eaca45878ef3656dca3ddd29834998cdc1c2260aba1
2024-05-21T16:51:58.831106,613348124,Gecko Gang #956,0x3b4054c5913e8fa9c97bc3a52f4373f5cfda52d203f1786ec574869d892f69fb,0x36cad11b389527d0ea8eeacaa2c416cbfc9fa5821027372da8b8fa552a9768ce
2024-05-25T05:47:08.266781,756837451,Gecko Gang #91,0xd8fbedab4e46e203bb590da4b3f69d92199f5f12d0f0037d80da7a19ea88fc01,0x5125fe9198abdf95951e9eaca45878ef3656dca3ddd29834998cdc1c2260aba1
2024-05-21T16:52:22.395602,613348658,Gecko Gang #169,0xc034a8afcfa7db69b7c68acdc0ed5813c6bc9ff200b1df75fdc0940003995bf4,0x36cad11b389527d0ea8eeacaa2c416cbfc9fa5821027372da8b8fa552a9768ce
2024-05-21T16:50:29.422973,613345568,Gecko Gang #1219,0x7ef35318a6d0eb67f344c84f71365ceba98de4141d58ad895f3824ba0af1147e,0x36cad11b389527d0ea8eeacaa2c416cbfc9fa5821027372da8b8fa552a9768ce
2024-05-21T16:50:45.228418,613346084,Gecko Gang #2056,0x4efddc6c58f126abe1cbc5f1bf082f52a2d46ce3419dedc8acc26cd1675a80e8,0x36cad11b389527d0ea8eeacaa2c416cbfc9fa5821027372da8b8fa552a9768ce
2024-05-21T16:49:48.297709,613344462,Gecko Gang #402,0x649e20c1370236dc44d669095f27082c95b171de03f215c69088a48655c70c52,0x36cad11b389527d0ea8eeacaa2c416cbfc9fa5821027372da8b8fa552a9768ce
2024-05-25T05:47:20.731567,756853957,Gecko Gang #3195,0xc31863e28a551625399a0db1d29c805b54513407512873437d6987e75002df2d,0x5125fe9198abdf95951e9eaca45878ef3656dca3ddd29834998cdc1c2260aba1
2024-05-27T23:00:07.248641,951436620,Gecko Gang #589,0x9486d87b63097a750551e17f2b9bd4227a2592f038628651c0e7baebdf8095a1,0x084f5bd83e952ed63a9c98e3f73b9b69fdcf4cf6dbb5e15a63767359b39851b3
2024-05-25T05:47:33.033851,756870978,Gecko Gang #962,0xf4c4dc0cfc527787e7ecfa9861a7afbf117e94962e024a1ef049e600519186c5,0x5125fe9198abdf95951e9eaca45878ef3656dca3ddd29834998cdc1c2260aba1
2024-05-21T16:41:46.729833,613330744,Gecko Gang #1618,0x4813c0cef41e19dcb6b43d8c96b067342d4ff3007dec6f874d6f3568ae061c46,0x36cad11b389527d0ea8eeacaa2c416cbfc9fa5821027372da8b8fa552a9768ce
2024-05-25T05:47:44.54193,756886405,Gecko Gang #2208,0x1cbe3cc020fd90378d641c2a7cc89c17a9122766b98119065459ee3abc2a2d60,0x5125fe9198abdf95951e9eaca45878ef3656dca3ddd29834998cdc1c2260aba1
2024-05-25T05:47:55.906857,756901669,Gecko Gang #2110,0xeda1fcebdbb051f502b020d9dcf2436680d570612861dbc98b598f9748fa9624,0x5125fe9198abdf95951e9eaca45878ef3656dca3ddd29834998cdc1c2260aba1
2024-05-25T05:48:08.190305,756917367,Gecko Gang #1469,0x6b73f174d22f8dc4df3048dfb701fb3cb414db319b62780b3ca0e420898bb79f,0x5125fe9198abdf95951e9eaca45878ef3656dca3ddd29834998cdc1c2260aba1
2024-05-27T23:00:19.804708,951436881,Gecko Gang #1123,0x1c34111d24406871880d1d67f74a20490c0dea600b4dd15681170ac567423e0f,0x1159614ef53e9badb2ff5c9e21dd47df2fc9a7ff4e73886f115160216f28e305
2024-05-21T17:25:18.224623,613399354,Gecko Gang #2172,0x06c26ebedf02b11a50a5ae71abef412dd70b0d4dc85cf6f98e6a75a2324d9a49,0x15ec85deb36a9b034af583e77452676c41d4f9e385071e1e284e0f1ab5ad18ea
2024-05-25T05:48:20.168081,756933599,Gecko Gang #1016,0x7f80f4925d935d5b48a6bace30d538ef546196713c8c78a0e4e48d4c04030476,0x5125fe9198abdf95951e9eaca45878ef3656dca3ddd29834998cdc1c2260aba1
2024-05-21T13:42:43.981854,613104069,Gecko Gang #2639,0x8926e9f2ebef1a5d2353113c9646016f46ce3d2334cff1863207a47f75fcc606,0xf64f3bfc5d61ac9688f15d561ac15074d9216bbfe716de9be670366fb346aa08
2024-05-21T14:28:47.278386,613161421,Gecko Gang #2481,0xffbf7911a96647111fc16025589c733186c23d23ceb208c970ec032aea24e26d,0x8b5146280f266402336d551a5ec79df2196bf0964ddfb719df7a75cc09d36148
2024-05-25T05:48:32.255364,756950339,Gecko Gang #2354,0x4403c5ced92b46c0cd9313ab3ccd5f10f197536d96917eb7553d3f0f850babff,0x5125fe9198abdf95951e9eaca45878ef3656dca3ddd29834998cdc1c2260aba1
2024-05-21T17:26:25.442657,613400772,Gecko Gang #489,0x680e6b765f9f535c59bab712ec2f375665741af0484dfe6e910c79da20dad446,0x15ec85deb36a9b034af583e77452676c41d4f9e385071e1e284e0f1ab5ad18ea
2024-05-25T05:48:44.215029,756966506,Gecko Gang #1600,0x723d9947dc62bb4a5c52cfbbfa1664ebcb40de927412b3da5e7cc89ce37dd16f,0x5125fe9198abdf95951e9eaca45878ef3656dca3ddd29834998cdc1c2260aba1
2024-05-21T13:45:12.298102,613107289,Gecko Gang #497,0x538aa4f1ae70b016a7f18e6a27818c58ddd7a2137d2e0f8e7e945332a529f913,0x57421c8aca09598bcf503c3a920d3763b6bb89f0dc10686ca944f2f7c9f27cd8
2024-05-21T17:32:56.013318,613409275,Gecko Gang #376,0x704a38c48dcd05aabad4fd0e2eb972641fd1047feca36797f5d78fb882f8715e,0x15ec85deb36a9b034af583e77452676c41d4f9e385071e1e284e0f1ab5ad18ea
2024-05-25T05:48:54.896713,756980844,Gecko Gang #1345,0x4c39e3f5fb3da8a558410b47d3998fd0b9e12097aea6670aa2bab7e35cbdd113,0x5125fe9198abdf95951e9eaca45878ef3656dca3ddd29834998cdc1c2260aba1
2024-05-21T13:44:54.337714,613106835,Gecko Gang #371,0x6d38aca84aa6fe2ba86d26fea61a83c8075794cf76d0ee0f82eb3fdf7560a02b,0x57421c8aca09598bcf503c3a920d3763b6bb89f0dc10686ca944f2f7c9f27cd8
2024-05-25T05:49:05.810217,756995454,Gecko Gang #166,0x24b6d9d559513c8d47f58f100c33940cdfe7b6e0b869fa49ca4431d990d2f313,0x5125fe9198abdf95951e9eaca45878ef3656dca3ddd29834998cdc1c2260aba1
2024-05-21T14:29:30.428417,613162168,Gecko Gang #3144,0x9518ca4e89afa8b042109a91fa808d9b8cac96fc5664a0a3cdc5a94fc3340e4f,0x8b5146280f266402336d551a5ec79df2196bf0964ddfb719df7a75cc09d36148
2024-05-25T05:49:28.757225,757026275,Gecko Gang #2076,0xdd98e5c3dca49367d9a4e27d1d7b9a7b5d24546adf53b749cc30f5ad7bed8b98,0x5125fe9198abdf95951e9eaca45878ef3656dca3ddd29834998cdc1c2260aba1
2024-05-25T05:50:44.366169,757128743,Gecko Gang #5,0x768ec7b1664a07068862b7d7e30874286f6b046ad7d6a0bdb6657cab8ad3b7c5,0x5125fe9198abdf95951e9eaca45878ef3656dca3ddd29834998cdc1c2260aba1
2024-05-25T05:50:57.569473,757146662,Gecko Gang #2406,0x80fae3db1eb6d2155170b4e6cba8375609cfe781d17baeb851aa8efd499ce6a4,0x5125fe9198abdf95951e9eaca45878ef3656dca3ddd29834998cdc1c2260aba1
2024-05-21T14:30:12.210639,613162881,Gecko Gang #1198,0xb4bf608ceec7290b9601a0174605360ed58c7d6a48f6d1dc12c2e338ba1219bf,0x8b5146280f266402336d551a5ec79df2196bf0964ddfb719df7a75cc09d36148
2024-05-25T05:51:08.545538,757161609,Gecko Gang #2501,0x2547238002a43dfe7fa17da8bea12dfb1a2d1132621a58f6aa6a6be3b20fb655,0x5125fe9198abdf95951e9eaca45878ef3656dca3ddd29834998cdc1c2260aba1
2024-05-23T15:04:24.555009,625647563,Gecko Gang #278,0x6677dd2d3e49ae00655790649be021fcf7ab5c2c500429a4d6d54f5bd4683dc1,0x5125fe9198abdf95951e9eaca45878ef3656dca3ddd29834998cdc1c2260aba1
2024-05-21T17:30:39.169154,613406365,Gecko Gang #2240,0x9f8737f569840767e6a47776d0c96863152d3d68d1df95f6f9695462f8d000a2,0x15ec85deb36a9b034af583e77452676c41d4f9e385071e1e284e0f1ab5ad18ea
2024-05-25T05:46:08.172053,756755246,Gecko Gang #1201,0xae539076330e423056c650bad21ec7505f3315527156f9257f2925e3089d4906,0x5125fe9198abdf95951e9eaca45878ef3656dca3ddd29834998cdc1c2260aba1
2024-05-21T17:57:38.151727,613447953,Gecko Gang #3052,0x1b918eb33186a7a6c2f981d11ad4f5ac22e2229fc9e58e258cc72a2b74ef2d01,0x5125fe9198abdf95951e9eaca45878ef3656dca3ddd29834998cdc1c2260aba1
2024-05-21T14:52:45.017971,613191341,Gecko Gang #2307,0x33927243343372fd447e8c7317df4294a717282515ac851105fd906e29c57999,0x5125fe9198abdf95951e9eaca45878ef3656dca3ddd29834998cdc1c2260aba1
2024-05-21T14:52:55.457089,613191507,Gecko Gang #2089,0x5aaf560e5ebfa714fb9ea79628675d276a01c8790506846ba4960b9b99380f8e,0x5125fe9198abdf95951e9eaca45878ef3656dca3ddd29834998cdc1c2260aba1
2024-05-21T14:53:06.435922,613191708,Gecko Gang #1257,0xca89781e2349054619b6aff3e891d653b14f10e974a9b58d4ca65a620da671cd,0x5125fe9198abdf95951e9eaca45878ef3656dca3ddd29834998cdc1c2260aba1
2024-05-21T17:39:26.062753,613418153,Gecko Gang #108,0x46a51b2220b20dbc6a782c5cee38a59b29fa5e442f6403cd972884cb2d704ca9,0x5125fe9198abdf95951e9eaca45878ef3656dca3ddd29834998cdc1c2260aba1
2024-05-21T14:53:16.810011,613192009,Gecko Gang #462,0xd32baf99d529bf66aeb501fcaf3fe36491cb725369b015a52d06a3c489fc07a4,0x5125fe9198abdf95951e9eaca45878ef3656dca3ddd29834998cdc1c2260aba1
2024-05-21T14:53:27.867445,613192300,Gecko Gang #2471,0x3f4ba43b82b1b04937aaf55514f6e9ca7a4fde9c84ed2f245af728a987e6d7a4,0x5125fe9198abdf95951e9eaca45878ef3656dca3ddd29834998cdc1c2260aba1
2024-05-21T17:39:38.467972,613418449,Gecko Gang #544,0x01685110de98644f84a64d98dcf688efcd3d6f72dd5c2052988e52b16391d86c,0x5125fe9198abdf95951e9eaca45878ef3656dca3ddd29834998cdc1c2260aba1
2024-05-21T17:10:13.993581,613377094,Gecko Gang #3044,0x8b5146280f266402336d551a5ec79df2196bf0964ddfb719df7a75cc09d36148,0xffbf7911a96647111fc16025589c733186c23d23ceb208c970ec032aea24e26d
2024-05-21T17:41:21.286049,613421095,Gecko Gang #176,0x6bbbdd760161109e0661d2df345b1568c7c1cbc0693e5242a513c934c78c6b95,0x5125fe9198abdf95951e9eaca45878ef3656dca3ddd29834998cdc1c2260aba1
2024-05-21T17:41:32.511456,613421387,Gecko Gang #3096,0x9cf68000dadbdab248bb4eea30647aaf7c76b4bcecb84b933361813ac2131424,0x5125fe9198abdf95951e9eaca45878ef3656dca3ddd29834998cdc1c2260aba1
2024-05-21T17:41:44.405746,613421787,Gecko Gang #2753,0x524eec15811bdbe739aeed5e70cd14cf7a3d14845eb7e048a2f14275a68e4124,0x5125fe9198abdf95951e9eaca45878ef3656dca3ddd29834998cdc1c2260aba1
2024-05-21T17:41:55.078032,613422046,Gecko Gang #1430,0x60eede6e9cdd82f0a2d9fbd7de3714b74360441f293a3fff6036d9bd5de2efbc,0x5125fe9198abdf95951e9eaca45878ef3656dca3ddd29834998cdc1c2260aba1
2024-05-21T17:42:07.031501,613422438,Gecko Gang #1069,0x820e6cf395592ca1e748c21519d20652934ec35c3fbc06c804691e0616ea0868,0x5125fe9198abdf95951e9eaca45878ef3656dca3ddd29834998cdc1c2260aba1
2024-05-21T16:46:47.518929,613339419,Gecko Gang #1922,0xd60919361ccdb40dfe83efeecaa3414247197f4c514e822d0775a857f597484d,0x36cad11b389527d0ea8eeacaa2c416cbfc9fa5821027372da8b8fa552a9768ce
2024-05-21T17:42:17.944318,613422753,Gecko Gang #3092,0x8fcfdd480c8fb07ea255f11b25cedfda301d88068a99dab98707994ff1d0e7c2,0x5125fe9198abdf95951e9eaca45878ef3656dca3ddd29834998cdc1c2260aba1
2024-05-21T17:42:29.192025,613423011,Gecko Gang #332,0xa6899554545329c895d882cf1239ba2f57688b2362c49dbbda4057f660830e99,0x5125fe9198abdf95951e9eaca45878ef3656dca3ddd29834998cdc1c2260aba1
2024-05-21T17:42:39.648352,613423340,Gecko Gang #2361,0xd69681f0cf2a96a81d00b4761fab02f04ecc7f4fff0a2a0595b1fb27373fa65a,0x5125fe9198abdf95951e9eaca45878ef3656dca3ddd29834998cdc1c2260aba1
2024-05-21T17:42:49.154899,613423599,Gecko Gang #292,0xf2d487fb4051727a6089fc9ee8670d19a9f67c580adc0719f483bb0841056ccb,0x5125fe9198abdf95951e9eaca45878ef3656dca3ddd29834998cdc1c2260aba1
2024-05-21T17:43:01.109719,613423904,Gecko Gang #97,0xa08e713a200ecc9250985045f7d31716799c4ad5641673d3e59de9b256342a50,0x5125fe9198abdf95951e9eaca45878ef3656dca3ddd29834998cdc1c2260aba1
2024-05-21T17:43:12.210363,613424250,Gecko Gang #1356,0x7eb092496879f90f67306c653807ea319efa37d0d7539bfdd7dafc6bc1ce30f8,0x5125fe9198abdf95951e9eaca45878ef3656dca3ddd29834998cdc1c2260aba1
2024-05-21T17:43:23.090911,613424529,Gecko Gang #3100,0xb52e959582eb6ed9999039c340b2c45288428b0a9c709b92bb1e103735181a02,0x5125fe9198abdf95951e9eaca45878ef3656dca3ddd29834998cdc1c2260aba1
2024-05-21T17:43:32.938956,613424766,Gecko Gang #1064,0x9576227cd2ab48a62f0f8e49db3ae51e6f5fb38fc92b9edb3e6a6ec22686ecd7,0x5125fe9198abdf95951e9eaca45878ef3656dca3ddd29834998cdc1c2260aba1
2024-05-21T17:43:42.78396,613425055,Gecko Gang #3041,0xee419c7c0a2d0673d17f864a1381c337c81255f3c2c1ce1a01b0a256cea5515e,0x5125fe9198abdf95951e9eaca45878ef3656dca3ddd29834998cdc1c2260aba1
2024-05-21T17:43:52.724849,613425312,Gecko Gang #1937,0x360d44cbecd9df8d8dccfbd8ca22ed3d897d44d760c4ed26983b877ae88c1566,0x5125fe9198abdf95951e9eaca45878ef3656dca3ddd29834998cdc1c2260aba1
2024-05-21T17:44:01.834492,613425543,Gecko Gang #2591,0x2745f44e3bdc75cfea2cfa8a79e9f75e60b9cbea23ab9e7a781ed697a3a777ab,0x5125fe9198abdf95951e9eaca45878ef3656dca3ddd29834998cdc1c2260aba1
2024-05-21T19:41:01.596072,613611416,Gecko Gang #40,0x60a1849c6b2406f2e3d40966b47538049c22b2a35686877de8bd5ef8e9ba753e,0x3175a1090317767a3cb003ef1019afbcec59facee50ff76a4017c88e6aec5ec9
2024-05-21T17:44:13.032122,613425915,Gecko Gang #3225,0x32c86ac4b75e98bfa7ec1f87a2ac578a276f7b012886f7704c1373f72a1240e9,0x5125fe9198abdf95951e9eaca45878ef3656dca3ddd29834998cdc1c2260aba1
2024-05-21T17:44:24.945047,613426249,Gecko Gang #502,0x83711092739fae67d3b263fb3d4cbc8e3f346a674972bf7715b08a464d77774c,0x5125fe9198abdf95951e9eaca45878ef3656dca3ddd29834998cdc1c2260aba1
2024-05-21T17:44:35.93187,613426535,Gecko Gang #1309,0xe027062d9b80f268a79b1115d599e7185c5020ed7174cb8713234b5ac81bb578,0x5125fe9198abdf95951e9eaca45878ef3656dca3ddd29834998cdc1c2260aba1
2024-05-21T17:44:45.941179,613426853,Gecko Gang #1768,0x2e23e015591dda02ad3c5504c254b9e1559883a67a512c318854fe2a16ee7d16,0x5125fe9198abdf95951e9eaca45878ef3656dca3ddd29834998cdc1c2260aba1
2024-05-21T14:53:42.458956,613192658,Gecko Gang #2597,0xb938389092b32fa08e9941e4b71236deef5a5866130dc525e9392e4a7ce836d7,0x5125fe9198abdf95951e9eaca45878ef3656dca3ddd29834998cdc1c2260aba1
2024-05-21T14:53:52.646677,613192852,Gecko Gang #455,0x654c851c9a780d22608821c267fc04e4c7c5314df99991ea6a542af42ac25f0f,0x5125fe9198abdf95951e9eaca45878ef3656dca3ddd29834998cdc1c2260aba1
2024-05-21T14:17:08.783389,613148213,Gecko Gang #564,0x9d0ffd4e1b27b1a7a4a7567113f15a6de3df8f48bbd26c39c1373542aad1d839,0x128a3411acccf890226bd3e253306a3be4fbc0f7c33c0ac3a331ada56bae7678
2024-05-21T14:20:01.264664,613151756,Gecko Gang #1061,0x0355c7930f15dcb8037436c820a40feee2141c05485f0cc55bfaa411cc3a6a49,0x6b916a380d4d3e5a82c6d1ed9db3aec49341ecfc1e88d9add56834235f7059fa
2024-05-21T14:29:59.548666,613162631,Gecko Gang #2717,0xa29a8dabb8f54d1bf034a05db2d515b68a232f2d2ed13a82b7c652deb75e3f21,0x8b5146280f266402336d551a5ec79df2196bf0964ddfb719df7a75cc09d36148
2024-05-21T14:33:40.740815,613167056,Gecko Gang #1796,0x8ad05d048a9b27220aff7cd8e520470c79b5de35060b8e02741378558effb716,0x56f89f73f0b5762e62421b556d67647cddc0edb1a4093f2b0aac56abbaa5acb2
2024-05-21T14:33:54.804129,613167333,Gecko Gang #487,0x35b51754ea544b4845e2a445658c87468371185f4702b209dde211b9d6fec085,0x56f89f73f0b5762e62421b556d67647cddc0edb1a4093f2b0aac56abbaa5acb2
2024-05-21T14:34:12.198712,613167742,Gecko Gang #250,0x51ac7fb02902f17c306422cb17ac80b2d6158e77451e24f01943b4dda322af71,0x56f89f73f0b5762e62421b556d67647cddc0edb1a4093f2b0aac56abbaa5acb2
2024-05-21T14:34:27.475558,613168106,Gecko Gang #1041,0xcf6374d8a9fae76bdc625040bb817eb9bc7094187e0016f1b132026323dd5135,0x56f89f73f0b5762e62421b556d67647cddc0edb1a4093f2b0aac56abbaa5acb2
2024-05-21T14:34:44.925461,613168564,Gecko Gang #1140,0x23a2e34ee0a5db32f8f6881de6aedb93591e0edcdc9e756ff172d424f7c4d73c,0x56f89f73f0b5762e62421b556d67647cddc0edb1a4093f2b0aac56abbaa5acb2
2024-05-21T14:35:04.191978,613168987,Gecko Gang #1470,0x4f11319763a3438aa206779ce0721dbe0d3c02ebfb76fd39e17eaf779c2df729,0x56f89f73f0b5762e62421b556d67647cddc0edb1a4093f2b0aac56abbaa5acb2
2024-05-21T14:35:16.759942,613169287,Gecko Gang #370,0xef7edfd2464d600c2e350275b58328978525c2c5cf4abaf5f38f2be58b2c88aa,0x56f89f73f0b5762e62421b556d67647cddc0edb1a4093f2b0aac56abbaa5acb2
2024-05-21T14:35:29.927087,613169563,Gecko Gang #1057,0xc68856fafa01907b00be6d464d442f3a1cc402fde3087c6d0d4cbf670455cb6c,0x56f89f73f0b5762e62421b556d67647cddc0edb1a4093f2b0aac56abbaa5acb2
2024-05-21T14:36:49.946354,613171438,Gecko Gang #3275,0xf47a3cba77f95fa28f628de027d358be4e6b237d275ee5a77663682f6233e778,0xace286ac04dc30fe85804c903d4f917ccea64551a5d38942b0d2fdd58a8e963a
2024-05-21T14:43:26.87729,613179550,Gecko Gang #2117,0x97333fc35ae5643a0ad2e9078b2ecca17f29e87802cbd4fb0ac99da5e0f2fb60,0xccac611fa2a39d3aad0855369dff9f09d11b55e49e080f6ac0a38e85ac1652fd
2024-05-22T08:15:39.629473,614630402,Gecko Gang #1881,0x2bb57c59567d6e2d382c1da864bc38f226896df1aefd6f346639187fa9c123f4,0x8851bf48389d8a89da0a735dcb7882910d001480413699987c8efc6fdc56cb06
2024-05-21T14:56:23.569982,613196048,Gecko Gang #1302,0xe7dc9cb26f9cd6d13f5756379d6b28b349dc55fa483e647ecfd6c55c9dfa44b4,0x985350808b1aa1b90536b54757ff7594e05e40bc95797c88fe01af7cf56e2a82
2024-05-21T15:41:05.277657,613249494,Gecko Gang #1462,0x132128a24f08a523302cf3831e8c8a089c2a776fcb446d2e9d5e1e3ad41658b4,0xdc21f5e62a33b4392a162934481fff07e5a939bdfc85c098ecf214c4f45866c4
2024-05-21T15:41:34.024341,613250178,Gecko Gang #290,0x5c3d23df37e85f2e69fbe2c148e201cedd47fd6011d08d9e6771d0367ab130cd,0xdc21f5e62a33b4392a162934481fff07e5a939bdfc85c098ecf214c4f45866c4
