"sentTo","n"
"0x5125fe9198abdf95951e9eaca45878ef3656dca3ddd29834998cdc1c2260aba1",64
"0x36cad11b389527d0ea8eeacaa2c416cbfc9fa5821027372da8b8fa552a9768ce",37
"0x6adc46220bd1f28b19c5d517f377356270d6d13aaa35c7cca1671613e38052a3",16
"0xbd3d70386489a0ecb87eaddd449e20b8cf38b4826a52f5256ea25df17efa23c7",16
"0x15ec85deb36a9b034af583e77452676c41d4f9e385071e1e284e0f1ab5ad18ea",13
"0x5f693c85107e5741a182d3aec8462c2616e2dbdf902a583564db0bd24ca8a002",13
"0x78a2ef21ebaf7ecfd5922f6b7f29a71469a73645e95a1f92c277f3ae1e3b76de",13
"0xa6733dc792994e3ab0ca47d8dcb5814a47f53d57dd8fc73acb6a5383975da57d",13
"0x590c2bebf2dcf5d51bcf46b8b12110d51d1d2177d85b34249a68ad1b9d322be1",12
"0x985350808b1aa1b90536b54757ff7594e05e40bc95797c88fe01af7cf56e2a82",12
"0x8b5146280f266402336d551a5ec79df2196bf0964ddfb719df7a75cc09d36148",11
"0x6b814a1ec21b5ce95d93183987f40577cf0da43b6c07c05537a3caa4fa3e2407",10
"0x1eb11a2089f8907cec0edb2a8fdc8dcff4d9f99abef1c79c623e8c3725ca7057",9
"0x56f89f73f0b5762e62421b556d67647cddc0edb1a4093f2b0aac56abbaa5acb2",8
"0x6578164fa087d7a4581cbe52bc736fc7425eb6490a6f4f4b024fa73a0f259665",8
"0x6b916a380d4d3e5a82c6d1ed9db3aec49341ecfc1e88d9add56834235f7059fa",8
"0x7951b46c0c939a0b5736c604792ada20b3379e1f43d0721dd0a00bc48c769929",7
"0xad0ffe8ac226b685f64ee737dc07b730003e0b40bc609c0bd882203c2fd24a14",7
"0x94b35f3d0492323ab3713fe5b80237ae72778fb5008bca8f8dd60010cc1b646c",6
"0x8bd686f79ab0c74096b7629d4886495e1fddd18018d0f27a34a793d75e7184b2",5
"0xccac611fa2a39d3aad0855369dff9f09d11b55e49e080f6ac0a38e85ac1652fd",5
"0x020a18dc1f10192ad4c34ed2d0f2391923d449d71ed3bb7406ab6ce7df34c497",4
"0x0cdbd38764c894c3f5d97630be4304b74722d4e3d277e4725722cc89ae0e0eb6",4
"0x128a3411acccf890226bd3e253306a3be4fbc0f7c33c0ac3a331ada56bae7678",4
"0x544239d501c4e261133d84371531809ef72b4ff981acf6537026cacac98ef187",4
"0x5f2d033df09c0a13f396910ca8a50d3eb1f01322a90e0f789603353eeeb76043",4
"0x7683b6b0ed3d0be6e2863fe76f5a75e2ca4c0cb307a2d0faa53a77d73a8d57f1",4
"0x7f72ff2d73ab4db59806e0d12dcf2841f62be482e882ca760a8220a91eeab2bf",4
"0xfa2e75b2b1281f0ac3a5e83cfa502728528e883cbef2589aadf5cb81c72cb314",4
"0xe721c8cb039e9d7472b47cf05409dae4d58f6d18f3d977ab66cb16f3fde988ae",3
"0xeb67b44bef740cdb14701b898e7cf817cebd8ed3c2714e5759f1b36ccea38f1a",3
"0xfc63ebe21fc481476bdd9cf2a399db5ab953b75136569b496fa2135a0c0fbaab",3
"0x051a969bf669ff56567cf1d36bd5e1786a387026195a8be4b059883202c2ed16",2
"0x0df714c0c06f763af30881f02ba9bbc61066b359269ffb8fc1f98b6a51228cc0",2
"0x57421c8aca09598bcf503c3a920d3763b6bb89f0dc10686ca944f2f7c9f27cd8",2
"0x5faf5b6b15c7c34c0e2d768a8fbcf08bbd3596c11662c69bdc0baa136b67547d",2
"0x9374dc7c1a53c1d19397d9a7555c316145aa722614cbfd54ef235b6910e9ce69",2
"0x9ce14bd263abede19dab6b0781d99459f4a8979cf7490086c69d0aaba44a07ee",2
"0xa3d24063288cae9388c64cec1821aff47abf6fe7b34ef00ee6e15fd4655637e9",2
"0xb17eb45dc5dc6ffcf42ca9312e024d47fbb5db5203256b264a59ab26eee7a421",2
"0xdc21f5e62a33b4392a162934481fff07e5a939bdfc85c098ecf214c4f45866c4",2
"0x068076101534da0d2903b12240ae415e066eb3656a6b34168065d234ff03333f",1
"0x0f1693f24823bb986935f872683b0391f53bf7d09b0979e83d54c489ae33b338",1
"0x10175cf84e01dfe4cf5af394dcc44165289f82e4c8039abf635ff9ed83514bfa",1
"0x1183f1b40be02d705d267130242e040bbb27b83365bbd9247319285ba65ff5ea",1
"0x13902333bb0c69fa3c08c63a521bc3cccf6524970c50040dc8a488ebbdccce5e",1
"0x288406337f5b21b13a61466314694421ac7bcfcc38a9eb3b51babbb8b4fe6b43",1
"0x3175a1090317767a3cb003ef1019afbcec59facee50ff76a4017c88e6aec5ec9",1
"0x3dd6849aaf5ca32309138a34f9376ee0fe02c5ee530fbc4075a3d059bdabd165",1
"0x478ccd81155aa30ead55f4298f5cba7c1d14f9b28e5c58aa95394e71676a7f5e",1
"0x52210ef784c47ce0d5d1156a04a539cfc6e5a85a22a8353d9da0ec9095ab915f",1
"0x52f7fd2f4a2d6907feea114d2e8445e13be716f8e8bf630e4a64f23dc9adae08",1
"0x586c22c77f98ddbfcafb68b2b7cc7bf6b6e95b9044639b0fbc2f810f34997594",1
"0x5cf7605e9a39a8a0610b831ef1bd0d4533b3c97bbf8b94d901437afe100980ce",1
"0x6bd0380914172beaa3092e226948c4b3f94a62142f513630bef9446520aca659",1
"0x6f6e0fd37a8a9f606b6c18f9490603dd20066455cf3bc85f90445dcd0da5889d",1
"0x71844cf653b429f5f3c76ff2067c52cd9be3fcb896a8c31aee34d31090cf5e79",1
"0x73d6f277871c0f88f32e49860bdd1ac47bcb2d8839f98c4d6ba019c908d27777",1
"0x783cca4171720137d8c5341dd0d1ee411c9ab47879c27d7fd9c225c6b130cf13",1
"0x8851bf48389d8a89da0a735dcb7882910d001480413699987c8efc6fdc56cb06",1
"0xaa092b6c02783acbfd843cd07190ad9570bcb7a405800518934b38552c58e8f7",1
"0xace286ac04dc30fe85804c903d4f917ccea64551a5d38942b0d2fdd58a8e963a",1
"0xb29a0a67fef755f591a42e9a200492b34160091e76989a6b1861247b272f87ff",1
"0xb6934353a0f87a69029ed76b5b3312681cbb8357cf9583eafe3bea5adac1e178",1
"0xb71f8eaca831a7964bb3da8a5667d418f24559b98d1c619996dbd559e84c9109",1
"0xb9bacfe2c4e26cbd42324fba1d8dbbbf8bfebf91e3ad6e64a45e49f18b9ecf24",1
"0xd098ed4c8a4fecfd082149216a1029ff1ed3d4dffd628348b018ed00036eec22",1
"0xe87e9c0cc117382f6550d912c2d929bfa4d671dd7dadd6a9661c29cec8935527",1
"0xeaef9843064e40417ab23697c128068243569998c22e5fd21a587bbea7fbb92b",1
"0xed4ce9d2f1c309414363946de170b6a5ee5df7ccf7713d56cd2836e6aa2f8bed",1
"0xf64f3bfc5d61ac9688f15d561ac15074d9216bbfe716de9be670366fb346aa08",1
"0xfba90be75c877b71f0992f2f0d6aaf0de7c0034fb10e3db4f630f83b2a9240c1",1
"0xffbf7911a96647111fc16025589c733186c23d23ceb208c970ec032aea24e26d",1
